depth,mutation_id,recall,precision,f1
1,ADAS_M01_01,0.0278,1.0,0.0541
1,ADAS_M02_01,0.0278,1.0,0.0541
1,ADAS_M03_01,0.0278,1.0,0.0541
1,ADAS_M04_01,0.0278,1.0,0.0541
1,ADAS_M05_01,0.0278,1.0,0.0541
1,ADAS_M06_01,1.0,1.0,1.0
1,ADAS_M07_01,1.0,1.0,1.0
1,ADAS_M08_01,1.0,1.0,1.0
1,ADAS_M09_01,1.0,1.0,1.0
1,ADAS_M10_01,0.0476,1.0,0.0909
1,ADAS_M11_01,0.0476,1.0,0.0909
1,ADAS_M12_01,0.0476,1.0,0.0909
1,ADAS_M13_01,0.0476,1.0,0.0909
1,ADAS_M14_01,0.037,1.0,0.0714
1,ADAS_M15_01,1.0,0.0,0.0
1,ADAS_M16_01,0.0476,1.0,0.0909
1,ADAS_M17_01,0.0278,1.0,0.0541
1,ADAS_M18_01,0.0278,1.0,0.0541
1,ADAS_M19_01,1.0,0.3333,0.5
1,ADAS_M20_01,0.0476,1.0,0.0909
1,ADAS_M21_01,0.0476,1.0,0.0909
1,ADAS_M22_01,0.0476,1.0,0.0909
1,ADAS_M23_01,0.0278,1.0,0.0541
1,ADAS_M24_01,1.0,0.0,0.0
1,ADAS_M25_01,1.0,0.0,0.0
1,ADAS_M01_02,0.0278,1.0,0.0541
1,ADAS_M02_02,0.0278,1.0,0.0541
1,ADAS_M03_02,0.0278,1.0,0.0541
1,ADAS_M04_02,0.0278,1.0,0.0541
1,ADAS_M05_02,0.0278,1.0,0.0541
1,ADAS_M06_02,1.0,1.0,1.0
1,ADAS_M07_02,1.0,1.0,1.0
1,ADAS_M08_02,1.0,1.0,1.0
1,ADAS_M09_02,1.0,1.0,1.0
1,ADAS_M10_02,0.0476,1.0,0.0909
1,ADAS_M11_02,0.0476,1.0,0.0909
1,ADAS_M12_02,0.0476,1.0,0.0909
1,ADAS_M13_02,0.0476,1.0,0.0909
1,ADAS_M14_02,0.0364,1.0,0.0702
1,ADAS_M15_02,1.0,0.0,0.0
1,ADAS_M16_02,0.0476,1.0,0.0909
1,ADAS_M17_02,0.0278,1.0,0.0541
1,ADAS_M18_02,0.0278,1.0,0.0541
1,ADAS_M19_02,1.0,0.3333,0.5
1,ADAS_M20_02,0.0476,1.0,0.0909
1,ADAS_M21_02,0.0476,1.0,0.0909
1,ADAS_M22_02,0.0476,1.0,0.0909
1,ADAS_M23_02,0.0278,1.0,0.0541
1,ADAS_M24_02,1.0,0.0,0.0
1,ADAS_M25_02,1.0,0.0,0.0
1,POWERTRAIN_M01_01,0.04,1.0,0.0769
1,POWERTRAIN_M02_01,0.0385,1.0,0.0741
1,POWERTRAIN_M03_01,0.0625,1.0,0.1176
1,POWERTRAIN_M04_01,0.0326,1.0,0.0632
1,POWERTRAIN_M05_01,0.0625,1.0,0.1176
1,POWERTRAIN_M06_01,1.0,1.0,1.0
1,POWERTRAIN_M07_01,1.0,1.0,1.0
1,POWERTRAIN_M08_01,1.0,1.0,1.0
1,POWERTRAIN_M09_01,1.0,1.0,1.0
1,POWERTRAIN_M10_01,0.0667,1.0,0.125
1,POWERTRAIN_M11_01,0.0435,1.0,0.0833
1,POWERTRAIN_M12_01,0.0411,1.0,0.0789
1,POWERTRAIN_M13_01,0.0462,1.0,0.0882
1,POWERTRAIN_M14_01,0.0571,1.0,0.1081
1,POWERTRAIN_M15_01,1.0,0.0,0.0
1,POWERTRAIN_M16_01,0.0333,1.0,0.0645
1,POWERTRAIN_M17_01,0.0625,1.0,0.1176
1,POWERTRAIN_M18_01,0.0337,1.0,0.0652
1,POWERTRAIN_M19_01,1.0,0.3333,0.5
1,POWERTRAIN_M20_01,0.0462,1.0,0.0882
1,POWERTRAIN_M21_01,0.0667,1.0,0.125
1,POWERTRAIN_M22_01,0.0667,1.0,0.125
1,POWERTRAIN_M23_01,0.038,1.0,0.0732
1,POWERTRAIN_M24_01,1.0,0.0,0.0
1,POWERTRAIN_M25_01,1.0,0.0,0.0
1,POWERTRAIN_M01_02,0.0625,1.0,0.1176
1,POWERTRAIN_M02_02,0.0625,1.0,0.1176
1,POWERTRAIN_M03_02,0.0345,1.0,0.0667
1,POWERTRAIN_M04_02,0.0625,1.0,0.1176
1,POWERTRAIN_M05_02,0.033,1.0,0.0638
1,POWERTRAIN_M06_02,1.0,1.0,1.0
1,POWERTRAIN_M07_02,1.0,1.0,1.0
1,POWERTRAIN_M08_02,1.0,1.0,1.0
1,POWERTRAIN_M09_02,1.0,1.0,1.0
1,POWERTRAIN_M10_02,0.0536,1.0,0.1017
1,POWERTRAIN_M11_02,0.0667,1.0,0.125
1,POWERTRAIN_M12_02,0.0667,1.0,0.125
1,POWERTRAIN_M13_02,0.0667,1.0,0.125
1,POWERTRAIN_M14_02,0.0494,1.0,0.0941
1,POWERTRAIN_M15_02,1.0,0.0,0.0
1,POWERTRAIN_M16_02,0.0566,1.0,0.1071
1,POWERTRAIN_M17_02,0.0625,1.0,0.1176
1,POWERTRAIN_M18_02,0.0366,1.0,0.0706
1,POWERTRAIN_M19_02,1.0,0.3333,0.5
1,POWERTRAIN_M20_02,0.0667,1.0,0.125
1,POWERTRAIN_M21_02,0.0341,1.0,0.0659
1,POWERTRAIN_M22_02,0.0667,1.0,0.125
1,POWERTRAIN_M23_02,0.0625,1.0,0.1176
1,POWERTRAIN_M24_02,1.0,0.0,0.0
1,POWERTRAIN_M25_02,1.0,0.0,0.0
1,BATTERY_EV_M01_01,0.0326,1.0,0.0632
1,BATTERY_EV_M02_01,0.0326,1.0,0.0632
1,BATTERY_EV_M03_01,0.0326,1.0,0.0632
1,BATTERY_EV_M04_01,0.0326,1.0,0.0632
1,BATTERY_EV_M05_01,0.0326,1.0,0.0632
1,BATTERY_EV_M06_01,1.0,1.0,1.0
1,BATTERY_EV_M07_01,1.0,1.0,1.0
1,BATTERY_EV_M08_01,1.0,1.0,1.0
1,BATTERY_EV_M09_01,1.0,1.0,1.0
1,BATTERY_EV_M10_01,0.0337,1.0,0.0652
1,BATTERY_EV_M11_01,0.0337,1.0,0.0652
1,BATTERY_EV_M12_01,0.0337,1.0,0.0652
1,BATTERY_EV_M13_01,0.0337,1.0,0.0652
1,BATTERY_EV_M14_01,0.0426,1.0,0.0816
1,BATTERY_EV_M15_01,1.0,0.0,0.0
1,BATTERY_EV_M16_01,0.0337,1.0,0.0652
1,BATTERY_EV_M17_01,0.0326,1.0,0.0632
1,BATTERY_EV_M18_01,0.0326,1.0,0.0632
1,BATTERY_EV_M19_01,1.0,0.3333,0.5
1,BATTERY_EV_M20_01,0.0333,1.0,0.0645
1,BATTERY_EV_M21_01,0.0337,1.0,0.0652
1,BATTERY_EV_M22_01,0.0337,1.0,0.0652
1,BATTERY_EV_M23_01,0.0326,1.0,0.0632
1,BATTERY_EV_M24_01,1.0,0.0,0.0
1,BATTERY_EV_M25_01,1.0,0.0,0.0
1,BATTERY_EV_M01_02,0.0326,1.0,0.0632
1,BATTERY_EV_M02_02,0.0326,1.0,0.0632
1,BATTERY_EV_M03_02,0.0326,1.0,0.0632
1,BATTERY_EV_M04_02,0.0326,1.0,0.0632
1,BATTERY_EV_M05_02,0.0326,1.0,0.0632
1,BATTERY_EV_M06_02,1.0,1.0,1.0
1,BATTERY_EV_M07_02,1.0,1.0,1.0
1,BATTERY_EV_M08_02,1.0,1.0,1.0
1,BATTERY_EV_M09_02,1.0,1.0,1.0
1,BATTERY_EV_M10_02,0.0337,1.0,0.0652
1,BATTERY_EV_M11_02,0.0337,1.0,0.0652
1,BATTERY_EV_M12_02,0.0337,1.0,0.0652
1,BATTERY_EV_M13_02,0.0337,1.0,0.0652
1,BATTERY_EV_M14_02,0.0435,1.0,0.0833
1,BATTERY_EV_M15_02,1.0,0.0,0.0
1,BATTERY_EV_M16_02,0.0337,1.0,0.0652
1,BATTERY_EV_M17_02,0.0326,1.0,0.0632
1,BATTERY_EV_M18_02,0.0326,1.0,0.0632
1,BATTERY_EV_M19_02,1.0,0.3333,0.5
1,BATTERY_EV_M20_02,0.0337,1.0,0.0652
1,BATTERY_EV_M21_02,0.0337,1.0,0.0652
1,BATTERY_EV_M22_02,0.0337,1.0,0.0652
1,BATTERY_EV_M23_02,0.0326,1.0,0.0632
1,BATTERY_EV_M24_02,1.0,0.0,0.0
1,BATTERY_EV_M25_02,1.0,0.0,0.0
2,ADAS_M01_01,0.037,0.5,0.069
2,ADAS_M02_01,0.037,0.5,0.069
2,ADAS_M03_01,0.037,0.5,0.069
2,ADAS_M04_01,0.037,0.5,0.069
2,ADAS_M05_01,0.037,0.5,0.069
2,ADAS_M06_01,1.0,1.0,1.0
2,ADAS_M07_01,1.0,1.0,1.0
2,ADAS_M08_01,1.0,1.0,1.0
2,ADAS_M09_01,1.0,1.0,1.0
2,ADAS_M10_01,0.1143,1.0,0.2051
2,ADAS_M11_01,0.1143,1.0,0.2051
2,ADAS_M12_01,0.1143,1.0,0.2051
2,ADAS_M13_01,0.1143,1.0,0.2051
2,ADAS_M14_01,0.0741,0.6667,0.1333
2,ADAS_M15_01,1.0,0.0,0.0
2,ADAS_M16_01,0.0857,1.0,0.1579
2,ADAS_M17_01,0.037,0.5,0.069
2,ADAS_M18_01,0.037,0.5,0.069
2,ADAS_M19_01,1.0,0.125,0.2222
2,ADAS_M20_01,0.1143,1.0,0.2051
2,ADAS_M21_01,0.1143,1.0,0.2051
2,ADAS_M22_01,0.1143,1.0,0.2051
2,ADAS_M23_01,0.037,0.5,0.069
2,ADAS_M24_01,1.0,0.0,0.0
2,ADAS_M25_01,1.0,0.0,0.0
2,ADAS_M01_02,0.037,0.5,0.069
2,ADAS_M02_02,0.037,0.5,0.069
2,ADAS_M03_02,0.037,0.5,0.069
2,ADAS_M04_02,0.037,0.5,0.069
2,ADAS_M05_02,0.037,0.5,0.069
2,ADAS_M06_02,1.0,1.0,1.0
2,ADAS_M07_02,1.0,1.0,1.0
2,ADAS_M08_02,1.0,1.0,1.0
2,ADAS_M09_02,1.0,1.0,1.0
2,ADAS_M10_02,0.1143,1.0,0.2051
2,ADAS_M11_02,0.1143,1.0,0.2051
2,ADAS_M12_02,0.1143,1.0,0.2051
2,ADAS_M13_02,0.1143,1.0,0.2051
2,ADAS_M14_02,0.0909,0.7143,0.1613
2,ADAS_M15_02,1.0,0.0,0.0
2,ADAS_M16_02,0.1143,1.0,0.2051
2,ADAS_M17_02,0.037,0.5,0.069
2,ADAS_M18_02,0.037,0.5,0.069
2,ADAS_M19_02,1.0,0.125,0.2222
2,ADAS_M20_02,0.1143,1.0,0.2051
2,ADAS_M21_02,0.1143,1.0,0.2051
2,ADAS_M22_02,0.1143,1.0,0.2051
2,ADAS_M23_02,0.037,0.5,0.069
2,ADAS_M24_02,1.0,0.0,0.0
2,ADAS_M25_02,1.0,0.0,0.0
2,POWERTRAIN_M01_01,0.0533,0.6667,0.0988
2,POWERTRAIN_M02_01,0.0513,0.6667,0.0952
2,POWERTRAIN_M03_01,0.0833,0.6667,0.1481
2,POWERTRAIN_M04_01,0.0435,0.6667,0.0816
2,POWERTRAIN_M05_01,0.0833,0.6667,0.1481
2,POWERTRAIN_M06_01,1.0,1.0,1.0
2,POWERTRAIN_M07_01,1.0,1.0,1.0
2,POWERTRAIN_M08_01,1.0,1.0,1.0
2,POWERTRAIN_M09_01,1.0,1.0,1.0
2,POWERTRAIN_M10_01,0.1111,1.0,0.2
2,POWERTRAIN_M11_01,0.0725,1.0,0.1351
2,POWERTRAIN_M12_01,0.0685,1.0,0.1282
2,POWERTRAIN_M13_01,0.0769,1.0,0.1429
2,POWERTRAIN_M14_01,0.0857,0.75,0.1538
2,POWERTRAIN_M15_01,1.0,0.0,0.0
2,POWERTRAIN_M16_01,0.0556,1.0,0.1053
2,POWERTRAIN_M17_01,0.0833,0.6667,0.1481
2,POWERTRAIN_M18_01,0.0449,0.6667,0.0842
2,POWERTRAIN_M19_01,1.0,0.1667,0.2857
2,POWERTRAIN_M20_01,0.0769,1.0,0.1429
2,POWERTRAIN_M21_01,0.1111,1.0,0.2
2,POWERTRAIN_M22_01,0.1111,1.0,0.2
2,POWERTRAIN_M23_01,0.0506,0.6667,0.0941
2,POWERTRAIN_M24_01,1.0,0.0,0.0
2,POWERTRAIN_M25_01,1.0,0.0,0.0
2,POWERTRAIN_M01_02,0.0833,0.6667,0.1481
2,POWERTRAIN_M02_02,0.0833,0.6667,0.1481
2,POWERTRAIN_M03_02,0.046,0.6667,0.086
2,POWERTRAIN_M04_02,0.0833,0.6667,0.1481
2,POWERTRAIN_M05_02,0.044,0.6667,0.0825
2,POWERTRAIN_M06_02,1.0,1.0,1.0
2,POWERTRAIN_M07_02,1.0,1.0,1.0
2,POWERTRAIN_M08_02,1.0,1.0,1.0
2,POWERTRAIN_M09_02,1.0,1.0,1.0
2,POWERTRAIN_M10_02,0.0893,1.0,0.1639
2,POWERTRAIN_M11_02,0.1111,1.0,0.2
2,POWERTRAIN_M12_02,0.1111,1.0,0.2
2,POWERTRAIN_M13_02,0.1111,1.0,0.2
2,POWERTRAIN_M14_02,0.0741,0.75,0.1348
2,POWERTRAIN_M15_02,1.0,0.0,0.0
2,POWERTRAIN_M16_02,0.0943,1.0,0.1724
2,POWERTRAIN_M17_02,0.0833,0.6667,0.1481
2,POWERTRAIN_M18_02,0.0488,0.6667,0.0909
2,POWERTRAIN_M19_02,1.0,0.1667,0.2857
2,POWERTRAIN_M20_02,0.1111,1.0,0.2
2,POWERTRAIN_M21_02,0.0568,1.0,0.1075
2,POWERTRAIN_M22_02,0.1111,1.0,0.2
2,POWERTRAIN_M23_02,0.0833,0.6667,0.1481
2,POWERTRAIN_M24_02,1.0,0.0,0.0
2,POWERTRAIN_M25_02,1.0,0.0,0.0
2,BATTERY_EV_M01_01,0.0435,0.6667,0.0816
2,BATTERY_EV_M02_01,0.0435,0.6667,0.0816
2,BATTERY_EV_M03_01,0.0435,0.6667,0.0816
2,BATTERY_EV_M04_01,0.0435,0.6667,0.0816
2,BATTERY_EV_M05_01,0.0435,0.6667,0.0816
2,BATTERY_EV_M06_01,1.0,1.0,1.0
2,BATTERY_EV_M07_01,1.0,1.0,1.0
2,BATTERY_EV_M08_01,1.0,1.0,1.0
2,BATTERY_EV_M09_01,1.0,1.0,1.0
2,BATTERY_EV_M10_01,0.0562,1.0,0.1064
2,BATTERY_EV_M11_01,0.0562,1.0,0.1064
2,BATTERY_EV_M12_01,0.0562,1.0,0.1064
2,BATTERY_EV_M13_01,0.0562,1.0,0.1064
2,BATTERY_EV_M14_01,0.0851,0.8,0.1538
2,BATTERY_EV_M15_01,1.0,0.0,0.0
2,BATTERY_EV_M16_01,0.0562,1.0,0.1064
2,BATTERY_EV_M17_01,0.0435,0.6667,0.0816
2,BATTERY_EV_M18_01,0.0435,0.6667,0.0816
2,BATTERY_EV_M19_01,1.0,0.1667,0.2857
2,BATTERY_EV_M20_01,0.0556,1.0,0.1053
2,BATTERY_EV_M21_01,0.0562,1.0,0.1064
2,BATTERY_EV_M22_01,0.0562,1.0,0.1064
2,BATTERY_EV_M23_01,0.0435,0.6667,0.0816
2,BATTERY_EV_M24_01,1.0,0.0,0.0
2,BATTERY_EV_M25_01,1.0,0.0,0.0
2,BATTERY_EV_M01_02,0.0435,0.6667,0.0816
2,BATTERY_EV_M02_02,0.0435,0.6667,0.0816
2,BATTERY_EV_M03_02,0.0435,0.6667,0.0816
2,BATTERY_EV_M04_02,0.0435,0.6667,0.0816
2,BATTERY_EV_M05_02,0.0435,0.6667,0.0816
2,BATTERY_EV_M06_02,1.0,1.0,1.0
2,BATTERY_EV_M07_02,1.0,1.0,1.0
2,BATTERY_EV_M08_02,1.0,1.0,1.0
2,BATTERY_EV_M09_02,1.0,1.0,1.0
2,BATTERY_EV_M10_02,0.0562,1.0,0.1064
2,BATTERY_EV_M11_02,0.0562,1.0,0.1064
2,BATTERY_EV_M12_02,0.0562,1.0,0.1064
2,BATTERY_EV_M13_02,0.0562,1.0,0.1064
2,BATTERY_EV_M14_02,0.0652,0.75,0.12
2,BATTERY_EV_M15_02,1.0,0.0,0.0
2,BATTERY_EV_M16_02,0.0562,1.0,0.1064
2,BATTERY_EV_M17_02,0.0435,0.6667,0.0816
2,BATTERY_EV_M18_02,0.0435,0.6667,0.0816
2,BATTERY_EV_M19_02,1.0,0.1667,0.2857
2,BATTERY_EV_M20_02,0.0562,1.0,0.1064
2,BATTERY_EV_M21_02,0.0562,1.0,0.1064
2,BATTERY_EV_M22_02,0.0562,1.0,0.1064
2,BATTERY_EV_M23_02,0.0435,0.6667,0.0816
2,BATTERY_EV_M24_02,1.0,0.0,0.0
2,BATTERY_EV_M25_02,1.0,0.0,0.0
3,ADAS_M01_01,0.0741,0.5,0.129
3,ADAS_M02_01,0.0741,0.5,0.129
3,ADAS_M03_01,0.0741,0.5,0.129
3,ADAS_M04_01,0.0741,0.5,0.129
3,ADAS_M05_01,0.0741,0.5,0.129
3,ADAS_M06_01,1.0,1.0,1.0
3,ADAS_M07_01,1.0,1.0,1.0
3,ADAS_M08_01,1.0,1.0,1.0
3,ADAS_M09_01,1.0,1.0,1.0
3,ADAS_M10_01,0.1714,1.0,0.2927
3,ADAS_M11_01,0.2095,1.0,0.3465
3,ADAS_M12_01,0.2095,1.0,0.3465
3,ADAS_M13_01,0.2095,1.0,0.3465
3,ADAS_M14_01,0.1389,0.6522,0.229
3,ADAS_M15_01,1.0,0.0,0.0
3,ADAS_M16_01,0.1524,1.0,0.2645
3,ADAS_M17_01,0.0741,0.5,0.129
3,ADAS_M18_01,0.0741,0.5,0.129
3,ADAS_M19_01,1.0,0.0625,0.1176
3,ADAS_M20_01,0.2095,1.0,0.3465
3,ADAS_M21_01,0.2095,1.0,0.3465
3,ADAS_M22_01,0.2095,1.0,0.3465
3,ADAS_M23_01,0.0741,0.5,0.129
3,ADAS_M24_01,1.0,0.0,0.0
3,ADAS_M25_01,1.0,0.0,0.0
3,ADAS_M01_02,0.0741,0.5,0.129
3,ADAS_M02_02,0.0741,0.5,0.129
3,ADAS_M03_02,0.0741,0.5,0.129
3,ADAS_M04_02,0.0741,0.5,0.129
3,ADAS_M05_02,0.0741,0.5,0.129
3,ADAS_M06_02,1.0,1.0,1.0
3,ADAS_M07_02,1.0,1.0,1.0
3,ADAS_M08_02,1.0,1.0,1.0
3,ADAS_M09_02,1.0,1.0,1.0
3,ADAS_M10_02,0.2095,1.0,0.3465
3,ADAS_M11_02,0.2095,1.0,0.3465
3,ADAS_M12_02,0.2095,1.0,0.3465
3,ADAS_M13_02,0.2095,1.0,0.3465
3,ADAS_M14_02,0.1636,0.6,0.2571
3,ADAS_M15_02,1.0,0.0,0.0
3,ADAS_M16_02,0.2095,1.0,0.3465
3,ADAS_M17_02,0.0741,0.5,0.129
3,ADAS_M18_02,0.0741,0.5,0.129
3,ADAS_M19_02,1.0,0.0625,0.1176
3,ADAS_M20_02,0.2095,1.0,0.3465
3,ADAS_M21_02,0.2095,1.0,0.3465
3,ADAS_M22_02,0.181,1.0,0.3065
3,ADAS_M23_02,0.0741,0.5,0.129
3,ADAS_M24_02,1.0,0.0,0.0
3,ADAS_M25_02,1.0,0.0,0.0
3,POWERTRAIN_M01_01,0.08,0.6,0.1412
3,POWERTRAIN_M02_01,0.0769,0.6,0.1364
3,POWERTRAIN_M03_01,0.125,0.6,0.2069
3,POWERTRAIN_M04_01,0.0652,0.6,0.1176
3,POWERTRAIN_M05_01,0.125,0.6,0.2069
3,POWERTRAIN_M06_01,1.0,1.0,1.0
3,POWERTRAIN_M07_01,1.0,1.0,1.0
3,POWERTRAIN_M08_01,1.0,1.0,1.0
3,POWERTRAIN_M09_01,1.0,1.0,1.0
3,POWERTRAIN_M10_01,0.1556,1.0,0.2692
3,POWERTRAIN_M11_01,0.1014,1.0,0.1842
3,POWERTRAIN_M12_01,0.0959,1.0,0.175
3,POWERTRAIN_M13_01,0.1077,1.0,0.1944
3,POWERTRAIN_M14_01,0.1143,0.6667,0.1951
3,POWERTRAIN_M15_01,1.0,0.0,0.0
3,POWERTRAIN_M16_01,0.0778,1.0,0.1443
3,POWERTRAIN_M17_01,0.125,0.6,0.2069
3,POWERTRAIN_M18_01,0.0674,0.6,0.1212
3,POWERTRAIN_M19_01,1.0,0.1,0.1818
3,POWERTRAIN_M20_01,0.1077,1.0,0.1944
3,POWERTRAIN_M21_01,0.1556,1.0,0.2692
3,POWERTRAIN_M22_01,0.1556,1.0,0.2692
3,POWERTRAIN_M23_01,0.0759,0.6,0.1348
3,POWERTRAIN_M24_01,1.0,0.0,0.0
3,POWERTRAIN_M25_01,1.0,0.0,0.0
3,POWERTRAIN_M01_02,0.125,0.6,0.2069
3,POWERTRAIN_M02_02,0.125,0.6,0.2069
3,POWERTRAIN_M03_02,0.069,0.6,0.1237
3,POWERTRAIN_M04_02,0.125,0.6,0.2069
3,POWERTRAIN_M05_02,0.0659,0.6,0.1188
3,POWERTRAIN_M06_02,1.0,1.0,1.0
3,POWERTRAIN_M07_02,1.0,1.0,1.0
3,POWERTRAIN_M08_02,1.0,1.0,1.0
3,POWERTRAIN_M09_02,1.0,1.0,1.0
3,POWERTRAIN_M10_02,0.125,1.0,0.2222
3,POWERTRAIN_M11_02,0.1556,1.0,0.2692
3,POWERTRAIN_M12_02,0.1556,1.0,0.2692
3,POWERTRAIN_M13_02,0.1556,1.0,0.2692
3,POWERTRAIN_M14_02,0.0988,0.6667,0.172
3,POWERTRAIN_M15_02,1.0,0.0,0.0
3,POWERTRAIN_M16_02,0.1321,1.0,0.2333
3,POWERTRAIN_M17_02,0.125,0.6,0.2069
3,POWERTRAIN_M18_02,0.0732,0.6,0.1304
3,POWERTRAIN_M19_02,1.0,0.1,0.1818
3,POWERTRAIN_M20_02,0.1556,1.0,0.2692
3,POWERTRAIN_M21_02,0.0795,1.0,0.1474
3,POWERTRAIN_M22_02,0.1556,1.0,0.2692
3,POWERTRAIN_M23_02,0.125,0.6,0.2069
3,POWERTRAIN_M24_02,1.0,0.0,0.0
3,POWERTRAIN_M25_02,1.0,0.0,0.0
3,BATTERY_EV_M01_01,0.0652,0.6,0.1176
3,BATTERY_EV_M02_01,0.0652,0.6,0.1176
3,BATTERY_EV_M03_01,0.0652,0.6,0.1176
3,BATTERY_EV_M04_01,0.0652,0.6,0.1176
3,BATTERY_EV_M05_01,0.0652,0.6,0.1176
3,BATTERY_EV_M06_01,1.0,1.0,1.0
3,BATTERY_EV_M07_01,1.0,1.0,1.0
3,BATTERY_EV_M08_01,1.0,1.0,1.0
3,BATTERY_EV_M09_01,1.0,1.0,1.0
3,BATTERY_EV_M10_01,0.0787,1.0,0.1458
3,BATTERY_EV_M11_01,0.0787,1.0,0.1458
3,BATTERY_EV_M12_01,0.0787,1.0,0.1458
3,BATTERY_EV_M13_01,0.0787,1.0,0.1458
3,BATTERY_EV_M14_01,0.117,0.6471,0.1982
3,BATTERY_EV_M15_01,1.0,0.0,0.0
3,BATTERY_EV_M16_01,0.0787,1.0,0.1458
3,BATTERY_EV_M17_01,0.0652,0.6,0.1176
3,BATTERY_EV_M18_01,0.0652,0.6,0.1176
3,BATTERY_EV_M19_01,1.0,0.1,0.1818
3,BATTERY_EV_M20_01,0.0778,1.0,0.1443
3,BATTERY_EV_M21_01,0.0787,1.0,0.1458
3,BATTERY_EV_M22_01,0.0787,1.0,0.1458
3,BATTERY_EV_M23_01,0.0652,0.6,0.1176
3,BATTERY_EV_M24_01,1.0,0.0,0.0
3,BATTERY_EV_M25_01,1.0,0.0,0.0
3,BATTERY_EV_M01_02,0.0652,0.6,0.1176
3,BATTERY_EV_M02_02,0.0652,0.6,0.1176
3,BATTERY_EV_M03_02,0.0652,0.6,0.1176
3,BATTERY_EV_M04_02,0.0652,0.6,0.1176
3,BATTERY_EV_M05_02,0.0652,0.6,0.1176
3,BATTERY_EV_M06_02,1.0,1.0,1.0
3,BATTERY_EV_M07_02,1.0,1.0,1.0
3,BATTERY_EV_M08_02,1.0,1.0,1.0
3,BATTERY_EV_M09_02,1.0,1.0,1.0
3,BATTERY_EV_M10_02,0.0787,1.0,0.1458
3,BATTERY_EV_M11_02,0.0787,1.0,0.1458
3,BATTERY_EV_M12_02,0.0787,1.0,0.1458
3,BATTERY_EV_M13_02,0.0787,1.0,0.1458
3,BATTERY_EV_M14_02,0.087,0.6667,0.1538
3,BATTERY_EV_M15_02,1.0,0.0,0.0
3,BATTERY_EV_M16_02,0.0787,1.0,0.1458
3,BATTERY_EV_M17_02,0.0652,0.6,0.1176
3,BATTERY_EV_M18_02,0.0652,0.6,0.1176
3,BATTERY_EV_M19_02,1.0,0.1,0.1818
3,BATTERY_EV_M20_02,0.0787,1.0,0.1458
3,BATTERY_EV_M21_02,0.0787,1.0,0.1458
3,BATTERY_EV_M22_02,0.0787,1.0,0.1458
3,BATTERY_EV_M23_02,0.0652,0.6,0.1176
3,BATTERY_EV_M24_02,1.0,0.0,0.0
3,BATTERY_EV_M25_02,1.0,0.0,0.0
4,ADAS_M01_01,0.1389,0.6,0.2256
4,ADAS_M02_01,0.1111,0.5455,0.1846
4,ADAS_M03_01,0.1389,0.6,0.2256
4,ADAS_M04_01,0.1389,0.6,0.2256
4,ADAS_M05_01,0.1389,0.6,0.2256
4,ADAS_M06_01,1.0,1.0,1.0
4,ADAS_M07_01,1.0,1.0,1.0
4,ADAS_M08_01,1.0,1.0,1.0
4,ADAS_M09_01,1.0,1.0,1.0
4,ADAS_M10_01,0.2476,1.0,0.3969
4,ADAS_M11_01,0.3048,1.0,0.4672
4,ADAS_M12_01,0.3048,1.0,0.4672
4,ADAS_M13_01,0.3048,1.0,0.4672
4,ADAS_M14_01,0.2315,0.7143,0.3497
4,ADAS_M15_01,1.0,0.0,0.0
4,ADAS_M16_01,0.2381,1.0,0.3846
4,ADAS_M17_01,0.1389,0.6,0.2256
4,ADAS_M18_01,0.1389,0.6,0.2256
4,ADAS_M19_01,1.0,0.04,0.0769
4,ADAS_M20_01,0.3048,1.0,0.4672
4,ADAS_M21_01,0.3048,1.0,0.4672
4,ADAS_M22_01,0.3048,1.0,0.4672
4,ADAS_M23_01,0.1389,0.6,0.2256
4,ADAS_M24_01,1.0,0.0,0.0
4,ADAS_M25_01,1.0,0.0,0.0
4,ADAS_M01_02,0.1389,0.6,0.2256
4,ADAS_M02_02,0.1389,0.6,0.2256
4,ADAS_M03_02,0.1111,0.5455,0.1846
4,ADAS_M04_02,0.1389,0.6,0.2256
4,ADAS_M05_02,0.1389,0.6,0.2256
4,ADAS_M06_02,1.0,1.0,1.0
4,ADAS_M07_02,1.0,1.0,1.0
4,ADAS_M08_02,1.0,1.0,1.0
4,ADAS_M09_02,1.0,1.0,1.0
4,ADAS_M10_02,0.3048,1.0,0.4672
4,ADAS_M11_02,0.3048,1.0,0.4672
4,ADAS_M12_02,0.3238,1.0,0.4892
4,ADAS_M13_02,0.3048,1.0,0.4672
4,ADAS_M14_02,0.2727,0.625,0.3797
4,ADAS_M15_02,1.0,0.0,0.0
4,ADAS_M16_02,0.2857,1.0,0.4444
4,ADAS_M17_02,0.1389,0.6,0.2256
4,ADAS_M18_02,0.1389,0.6,0.2256
4,ADAS_M19_02,1.0,0.04,0.0769
4,ADAS_M20_02,0.3048,1.0,0.4672
4,ADAS_M21_02,0.3048,1.0,0.4672
4,ADAS_M22_02,0.2476,1.0,0.3969
4,ADAS_M23_02,0.1389,0.6,0.2256
4,ADAS_M24_02,1.0,0.0,0.0
4,ADAS_M25_02,1.0,0.0,0.0
4,POWERTRAIN_M01_01,0.1067,0.6154,0.1818
4,POWERTRAIN_M02_01,0.1026,0.6154,0.1758
4,POWERTRAIN_M03_01,0.1667,0.6154,0.2623
4,POWERTRAIN_M04_01,0.087,0.6154,0.1524
4,POWERTRAIN_M05_01,0.1667,0.6154,0.2623
4,POWERTRAIN_M06_01,1.0,1.0,1.0
4,POWERTRAIN_M07_01,1.0,1.0,1.0
4,POWERTRAIN_M08_01,1.0,1.0,1.0
4,POWERTRAIN_M09_01,1.0,1.0,1.0
4,POWERTRAIN_M10_01,0.2,1.0,0.3333
4,POWERTRAIN_M11_01,0.1304,1.0,0.2308
4,POWERTRAIN_M12_01,0.1233,1.0,0.2195
4,POWERTRAIN_M13_01,0.1385,1.0,0.2432
4,POWERTRAIN_M14_01,0.1429,0.6667,0.2353
4,POWERTRAIN_M15_01,1.0,0.0,0.0
4,POWERTRAIN_M16_01,0.1,1.0,0.1818
4,POWERTRAIN_M17_01,0.1667,0.6154,0.2623
4,POWERTRAIN_M18_01,0.0899,0.6154,0.1569
4,POWERTRAIN_M19_01,1.0,0.0769,0.1429
4,POWERTRAIN_M20_01,0.1385,1.0,0.2432
4,POWERTRAIN_M21_01,0.2,1.0,0.3333
4,POWERTRAIN_M22_01,0.2,1.0,0.3333
4,POWERTRAIN_M23_01,0.1013,0.6154,0.1739
4,POWERTRAIN_M24_01,1.0,0.0,0.0
4,POWERTRAIN_M25_01,1.0,0.0,0.0
4,POWERTRAIN_M01_02,0.1667,0.6154,0.2623
4,POWERTRAIN_M02_02,0.1667,0.6154,0.2623
4,POWERTRAIN_M03_02,0.092,0.6154,0.16
4,POWERTRAIN_M04_02,0.1667,0.6154,0.2623
4,POWERTRAIN_M05_02,0.0879,0.6154,0.1538
4,POWERTRAIN_M06_02,1.0,1.0,1.0
4,POWERTRAIN_M07_02,1.0,1.0,1.0
4,POWERTRAIN_M08_02,1.0,1.0,1.0
4,POWERTRAIN_M09_02,1.0,1.0,1.0
4,POWERTRAIN_M10_02,0.1607,1.0,0.2769
4,POWERTRAIN_M11_02,0.2,1.0,0.3333
4,POWERTRAIN_M12_02,0.2,1.0,0.3333
4,POWERTRAIN_M13_02,0.2,1.0,0.3333
4,POWERTRAIN_M14_02,0.1235,0.6667,0.2083
4,POWERTRAIN_M15_02,1.0,0.0,0.0
4,POWERTRAIN_M16_02,0.1698,1.0,0.2903
4,POWERTRAIN_M17_02,0.1667,0.6154,0.2623
4,POWERTRAIN_M18_02,0.0976,0.6154,0.1684
4,POWERTRAIN_M19_02,1.0,0.0769,0.1429
4,POWERTRAIN_M20_02,0.2,1.0,0.3333
4,POWERTRAIN_M21_02,0.1023,1.0,0.1856
4,POWERTRAIN_M22_02,0.2,1.0,0.3333
4,POWERTRAIN_M23_02,0.1667,0.6154,0.2623
4,POWERTRAIN_M24_02,1.0,0.0,0.0
4,POWERTRAIN_M25_02,1.0,0.0,0.0
4,BATTERY_EV_M01_01,0.087,0.6154,0.1524
4,BATTERY_EV_M02_01,0.087,0.6154,0.1524
4,BATTERY_EV_M03_01,0.087,0.6154,0.1524
4,BATTERY_EV_M04_01,0.087,0.6154,0.1524
4,BATTERY_EV_M05_01,0.087,0.6154,0.1524
4,BATTERY_EV_M06_01,1.0,1.0,1.0
4,BATTERY_EV_M07_01,1.0,1.0,1.0
4,BATTERY_EV_M08_01,1.0,1.0,1.0
4,BATTERY_EV_M09_01,1.0,1.0,1.0
4,BATTERY_EV_M10_01,0.1011,1.0,0.1837
4,BATTERY_EV_M11_01,0.1011,1.0,0.1837
4,BATTERY_EV_M12_01,0.1011,1.0,0.1837
4,BATTERY_EV_M13_01,0.1011,1.0,0.1837
4,BATTERY_EV_M14_01,0.1596,0.625,0.2542
4,BATTERY_EV_M15_01,1.0,0.0,0.0
4,BATTERY_EV_M16_01,0.1011,1.0,0.1837
4,BATTERY_EV_M17_01,0.087,0.6154,0.1524
4,BATTERY_EV_M18_01,0.087,0.6154,0.1524
4,BATTERY_EV_M19_01,1.0,0.0769,0.1429
4,BATTERY_EV_M20_01,0.1,1.0,0.1818
4,BATTERY_EV_M21_01,0.1011,1.0,0.1837
4,BATTERY_EV_M22_01,0.1011,1.0,0.1837
4,BATTERY_EV_M23_01,0.087,0.6154,0.1524
4,BATTERY_EV_M24_01,1.0,0.0,0.0
4,BATTERY_EV_M25_01,1.0,0.0,0.0
4,BATTERY_EV_M01_02,0.087,0.6154,0.1524
4,BATTERY_EV_M02_02,0.087,0.6154,0.1524
4,BATTERY_EV_M03_02,0.087,0.6154,0.1524
4,BATTERY_EV_M04_02,0.087,0.6154,0.1524
4,BATTERY_EV_M05_02,0.087,0.6154,0.1524
4,BATTERY_EV_M06_02,1.0,1.0,1.0
4,BATTERY_EV_M07_02,1.0,1.0,1.0
4,BATTERY_EV_M08_02,1.0,1.0,1.0
4,BATTERY_EV_M09_02,1.0,1.0,1.0
4,BATTERY_EV_M10_02,0.1011,1.0,0.1837
4,BATTERY_EV_M11_02,0.1011,1.0,0.1837
4,BATTERY_EV_M12_02,0.1011,1.0,0.1837
4,BATTERY_EV_M13_02,0.1011,1.0,0.1837
4,BATTERY_EV_M14_02,0.1087,0.6667,0.1869
4,BATTERY_EV_M15_02,1.0,0.0,0.0
4,BATTERY_EV_M16_02,0.1011,1.0,0.1837
4,BATTERY_EV_M17_02,0.087,0.6154,0.1524
4,BATTERY_EV_M18_02,0.087,0.6154,0.1524
4,BATTERY_EV_M19_02,1.0,0.0769,0.1429
4,BATTERY_EV_M20_02,0.1011,1.0,0.1837
4,BATTERY_EV_M21_02,0.1011,1.0,0.1837
4,BATTERY_EV_M22_02,0.1011,1.0,0.1837
4,BATTERY_EV_M23_02,0.087,0.6154,0.1524
4,BATTERY_EV_M24_02,1.0,0.0,0.0
4,BATTERY_EV_M25_02,1.0,0.0,0.0
5,ADAS_M01_01,0.2315,0.7143,0.3497
5,ADAS_M02_01,0.1759,0.6552,0.2774
5,ADAS_M03_01,0.2315,0.7143,0.3497
5,ADAS_M04_01,0.2315,0.7143,0.3497
5,ADAS_M05_01,0.2315,0.7143,0.3497
5,ADAS_M06_01,1.0,1.0,1.0
5,ADAS_M07_01,1.0,1.0,1.0
5,ADAS_M08_01,1.0,1.0,1.0
5,ADAS_M09_01,1.0,1.0,1.0
5,ADAS_M10_01,0.3238,1.0,0.4892
5,ADAS_M11_01,0.3714,1.0,0.5417
5,ADAS_M12_01,0.3619,1.0,0.5315
5,ADAS_M13_01,0.3619,1.0,0.5315
5,ADAS_M14_01,0.3241,0.7778,0.4575
5,ADAS_M15_01,1.0,0.0,0.0
5,ADAS_M16_01,0.3048,1.0,0.4672
5,ADAS_M17_01,0.2315,0.7143,0.3497
5,ADAS_M18_01,0.2315,0.7143,0.3497
5,ADAS_M19_01,1.0,0.0286,0.0556
5,ADAS_M20_01,0.3619,1.0,0.5315
5,ADAS_M21_01,0.3619,1.0,0.5315
5,ADAS_M22_01,0.3619,1.0,0.5315
5,ADAS_M23_01,0.2315,0.7143,0.3497
5,ADAS_M24_01,1.0,0.0,0.0
5,ADAS_M25_01,1.0,0.0,0.0
5,ADAS_M01_02,0.2037,0.6875,0.3143
5,ADAS_M02_02,0.2315,0.7143,0.3497
5,ADAS_M03_02,0.1759,0.6552,0.2774
5,ADAS_M04_02,0.2315,0.7143,0.3497
5,ADAS_M05_02,0.2315,0.7143,0.3497
5,ADAS_M06_02,1.0,1.0,1.0
5,ADAS_M07_02,1.0,1.0,1.0
5,ADAS_M08_02,1.0,1.0,1.0
5,ADAS_M09_02,1.0,1.0,1.0
5,ADAS_M10_02,0.3619,1.0,0.5315
5,ADAS_M11_02,0.3619,1.0,0.5315
5,ADAS_M12_02,0.3619,1.0,0.5315
5,ADAS_M13_02,0.3619,1.0,0.5315
5,ADAS_M14_02,0.3909,0.6825,0.4971
5,ADAS_M15_02,1.0,0.0,0.0
5,ADAS_M16_02,0.3429,1.0,0.5106
5,ADAS_M17_02,0.2315,0.7143,0.3497
5,ADAS_M18_02,0.2315,0.7143,0.3497
5,ADAS_M19_02,1.0,0.0286,0.0556
5,ADAS_M20_02,0.3619,1.0,0.5315
5,ADAS_M21_02,0.3619,1.0,0.5315
5,ADAS_M22_02,0.3143,1.0,0.4783
5,ADAS_M23_02,0.2315,0.7143,0.3497
5,ADAS_M24_02,1.0,0.0,0.0
5,ADAS_M25_02,1.0,0.0,0.0
5,POWERTRAIN_M01_01,0.1333,0.6667,0.2222
5,POWERTRAIN_M02_01,0.1282,0.6667,0.2151
5,POWERTRAIN_M03_01,0.2083,0.6667,0.3175
5,POWERTRAIN_M04_01,0.1087,0.6667,0.1869
5,POWERTRAIN_M05_01,0.2083,0.6667,0.3175
5,POWERTRAIN_M06_01,1.0,1.0,1.0
5,POWERTRAIN_M07_01,1.0,1.0,1.0
5,POWERTRAIN_M08_01,1.0,1.0,1.0
5,POWERTRAIN_M09_01,1.0,1.0,1.0
5,POWERTRAIN_M10_01,0.2444,1.0,0.3929
5,POWERTRAIN_M11_01,0.1594,1.0,0.275
5,POWERTRAIN_M12_01,0.1507,1.0,0.2619
5,POWERTRAIN_M13_01,0.1692,1.0,0.2895
5,POWERTRAIN_M14_01,0.1714,0.7059,0.2759
5,POWERTRAIN_M15_01,1.0,0.0,0.0
5,POWERTRAIN_M16_01,0.1222,1.0,0.2178
5,POWERTRAIN_M17_01,0.2083,0.6667,0.3175
5,POWERTRAIN_M18_01,0.1124,0.6667,0.1923
5,POWERTRAIN_M19_01,1.0,0.0667,0.125
5,POWERTRAIN_M20_01,0.1692,1.0,0.2895
5,POWERTRAIN_M21_01,0.2444,1.0,0.3929
5,POWERTRAIN_M22_01,0.2444,1.0,0.3929
5,POWERTRAIN_M23_01,0.1266,0.6667,0.2128
5,POWERTRAIN_M24_01,1.0,0.0,0.0
5,POWERTRAIN_M25_01,1.0,0.0,0.0
5,POWERTRAIN_M01_02,0.2083,0.6667,0.3175
5,POWERTRAIN_M02_02,0.2083,0.6667,0.3175
5,POWERTRAIN_M03_02,0.1149,0.6667,0.1961
5,POWERTRAIN_M04_02,0.2083,0.6667,0.3175
5,POWERTRAIN_M05_02,0.1099,0.6667,0.1887
5,POWERTRAIN_M06_02,1.0,1.0,1.0
5,POWERTRAIN_M07_02,1.0,1.0,1.0
5,POWERTRAIN_M08_02,1.0,1.0,1.0
5,POWERTRAIN_M09_02,1.0,1.0,1.0
5,POWERTRAIN_M10_02,0.1964,1.0,0.3284
5,POWERTRAIN_M11_02,0.2444,1.0,0.3929
5,POWERTRAIN_M12_02,0.2444,1.0,0.3929
5,POWERTRAIN_M13_02,0.2444,1.0,0.3929
5,POWERTRAIN_M14_02,0.1481,0.7059,0.2449
5,POWERTRAIN_M15_02,1.0,0.0,0.0
5,POWERTRAIN_M16_02,0.2075,1.0,0.3438
5,POWERTRAIN_M17_02,0.2083,0.6667,0.3175
5,POWERTRAIN_M18_02,0.122,0.6667,0.2062
5,POWERTRAIN_M19_02,1.0,0.0667,0.125
5,POWERTRAIN_M20_02,0.2444,1.0,0.3929
5,POWERTRAIN_M21_02,0.125,1.0,0.2222
5,POWERTRAIN_M22_02,0.2444,1.0,0.3929
5,POWERTRAIN_M23_02,0.2083,0.6667,0.3175
5,POWERTRAIN_M24_02,1.0,0.0,0.0
5,POWERTRAIN_M25_02,1.0,0.0,0.0
5,BATTERY_EV_M01_01,0.1087,0.6667,0.1869
5,BATTERY_EV_M02_01,0.1087,0.6667,0.1869
5,BATTERY_EV_M03_01,0.1087,0.6667,0.1869
5,BATTERY_EV_M04_01,0.1087,0.6667,0.1869
5,BATTERY_EV_M05_01,0.1087,0.6667,0.1869
5,BATTERY_EV_M06_01,1.0,1.0,1.0
5,BATTERY_EV_M07_01,1.0,1.0,1.0
5,BATTERY_EV_M08_01,1.0,1.0,1.0
5,BATTERY_EV_M09_01,1.0,1.0,1.0
5,BATTERY_EV_M10_01,0.1236,1.0,0.22
5,BATTERY_EV_M11_01,0.1236,1.0,0.22
5,BATTERY_EV_M12_01,0.1236,1.0,0.22
5,BATTERY_EV_M13_01,0.1236,1.0,0.22
5,BATTERY_EV_M14_01,0.1915,0.6429,0.2951
5,BATTERY_EV_M15_01,1.0,0.0,0.0
5,BATTERY_EV_M16_01,0.1236,1.0,0.22
5,BATTERY_EV_M17_01,0.1087,0.6667,0.1869
5,BATTERY_EV_M18_01,0.1087,0.6667,0.1869
5,BATTERY_EV_M19_01,1.0,0.0667,0.125
5,BATTERY_EV_M20_01,0.1222,1.0,0.2178
5,BATTERY_EV_M21_01,0.1236,1.0,0.22
5,BATTERY_EV_M22_01,0.1236,1.0,0.22
5,BATTERY_EV_M23_01,0.1087,0.6667,0.1869
5,BATTERY_EV_M24_01,1.0,0.0,0.0
5,BATTERY_EV_M25_01,1.0,0.0,0.0
5,BATTERY_EV_M01_02,0.1087,0.6667,0.1869
5,BATTERY_EV_M02_02,0.1087,0.6667,0.1869
5,BATTERY_EV_M03_02,0.1087,0.6667,0.1869
5,BATTERY_EV_M04_02,0.1087,0.6667,0.1869
5,BATTERY_EV_M05_02,0.1087,0.6667,0.1869
5,BATTERY_EV_M06_02,1.0,1.0,1.0
5,BATTERY_EV_M07_02,1.0,1.0,1.0
5,BATTERY_EV_M08_02,1.0,1.0,1.0
5,BATTERY_EV_M09_02,1.0,1.0,1.0
5,BATTERY_EV_M10_02,0.1236,1.0,0.22
5,BATTERY_EV_M11_02,0.1236,1.0,0.22
5,BATTERY_EV_M12_02,0.1236,1.0,0.22
5,BATTERY_EV_M13_02,0.1236,1.0,0.22
5,BATTERY_EV_M14_02,0.1304,0.7059,0.2202
5,BATTERY_EV_M15_02,1.0,0.0,0.0
5,BATTERY_EV_M16_02,0.1236,1.0,0.22
5,BATTERY_EV_M17_02,0.1087,0.6667,0.1869
5,BATTERY_EV_M18_02,0.1087,0.6667,0.1869
5,BATTERY_EV_M19_02,1.0,0.0667,0.125
5,BATTERY_EV_M20_02,0.1236,1.0,0.22
5,BATTERY_EV_M21_02,0.1236,1.0,0.22
5,BATTERY_EV_M22_02,0.1236,1.0,0.22
5,BATTERY_EV_M23_02,0.1087,0.6667,0.1869
5,BATTERY_EV_M24_02,1.0,0.0,0.0
5,BATTERY_EV_M25_02,1.0,0.0,0.0
6,ADAS_M01_01,0.3241,0.7778,0.4575
6,ADAS_M02_01,0.2593,0.7368,0.3836
6,ADAS_M03_01,0.3241,0.7778,0.4575
6,ADAS_M04_01,0.3241,0.7778,0.4575
6,ADAS_M05_01,0.3241,0.7778,0.4575
6,ADAS_M06_01,1.0,1.0,1.0
6,ADAS_M07_01,1.0,1.0,1.0
6,ADAS_M08_01,1.0,1.0,1.0
6,ADAS_M09_01,1.0,1.0,1.0
6,ADAS_M10_01,0.4,1.0,0.5714
6,ADAS_M11_01,0.419,1.0,0.5906
6,ADAS_M12_01,0.4,1.0,0.5714
6,ADAS_M13_01,0.4,1.0,0.5714
6,ADAS_M14_01,0.3796,0.8039,0.5157
6,ADAS_M15_01,1.0,0.0,0.0
6,ADAS_M16_01,0.3524,1.0,0.5211
6,ADAS_M17_01,0.3241,0.7778,0.4575
6,ADAS_M18_01,0.3241,0.7778,0.4575
6,ADAS_M19_01,1.0,0.0222,0.0435
6,ADAS_M20_01,0.4,1.0,0.5714
6,ADAS_M21_01,0.4,1.0,0.5714
6,ADAS_M22_01,0.4,1.0,0.5714
6,ADAS_M23_01,0.3241,0.7778,0.4575
6,ADAS_M24_01,1.0,0.0,0.0
6,ADAS_M25_01,1.0,0.0,0.0
6,ADAS_M01_02,0.2685,0.7436,0.3946
6,ADAS_M02_02,0.3241,0.7778,0.4575
6,ADAS_M03_02,0.2593,0.7368,0.3836
6,ADAS_M04_02,0.3241,0.7778,0.4575
6,ADAS_M05_02,0.3241,0.7778,0.4575
6,ADAS_M06_02,1.0,1.0,1.0
6,ADAS_M07_02,1.0,1.0,1.0
6,ADAS_M08_02,1.0,1.0,1.0
6,ADAS_M09_02,1.0,1.0,1.0
6,ADAS_M10_02,0.4,1.0,0.5714
6,ADAS_M11_02,0.4,1.0,0.5714
6,ADAS_M12_02,0.4,1.0,0.5714
6,ADAS_M13_02,0.4,1.0,0.5714
6,ADAS_M14_02,0.4727,0.7222,0.5714
6,ADAS_M15_02,1.0,0.0,0.0
6,ADAS_M16_02,0.4,1.0,0.5714
6,ADAS_M17_02,0.3241,0.7778,0.4575
6,ADAS_M18_02,0.3241,0.7778,0.4575
6,ADAS_M19_02,1.0,0.0238,0.0465
6,ADAS_M20_02,0.4,1.0,0.5714
6,ADAS_M21_02,0.4,1.0,0.5714
6,ADAS_M22_02,0.3619,1.0,0.5315
6,ADAS_M23_02,0.3241,0.7778,0.4575
6,ADAS_M24_02,1.0,0.0,0.0
6,ADAS_M25_02,1.0,0.0,0.0
6,POWERTRAIN_M01_01,0.16,0.7059,0.2609
6,POWERTRAIN_M02_01,0.1538,0.7059,0.2526
6,POWERTRAIN_M03_01,0.25,0.7059,0.3692
6,POWERTRAIN_M04_01,0.1304,0.7059,0.2202
6,POWERTRAIN_M05_01,0.25,0.7059,0.3692
6,POWERTRAIN_M06_01,1.0,1.0,1.0
6,POWERTRAIN_M07_01,1.0,1.0,1.0
6,POWERTRAIN_M08_01,1.0,1.0,1.0
6,POWERTRAIN_M09_01,1.0,1.0,1.0
6,POWERTRAIN_M10_01,0.2667,1.0,0.4211
6,POWERTRAIN_M11_01,0.1739,1.0,0.2963
6,POWERTRAIN_M12_01,0.1644,1.0,0.2824
6,POWERTRAIN_M13_01,0.1846,1.0,0.3117
6,POWERTRAIN_M14_01,0.2,0.7368,0.3146
6,POWERTRAIN_M15_01,1.0,0.0,0.0
6,POWERTRAIN_M16_01,0.1333,1.0,0.2353
6,POWERTRAIN_M17_01,0.25,0.7059,0.3692
6,POWERTRAIN_M18_01,0.1348,0.7059,0.2264
6,POWERTRAIN_M19_01,1.0,0.0588,0.1111
6,POWERTRAIN_M20_01,0.1846,1.0,0.3117
6,POWERTRAIN_M21_01,0.2667,1.0,0.4211
6,POWERTRAIN_M22_01,0.2667,1.0,0.4211
6,POWERTRAIN_M23_01,0.1519,0.7059,0.25
6,POWERTRAIN_M24_01,1.0,0.0,0.0
6,POWERTRAIN_M25_01,1.0,0.0,0.0
6,POWERTRAIN_M01_02,0.25,0.7059,0.3692
6,POWERTRAIN_M02_02,0.25,0.7059,0.3692
6,POWERTRAIN_M03_02,0.1379,0.7059,0.2308
6,POWERTRAIN_M04_02,0.25,0.7059,0.3692
6,POWERTRAIN_M05_02,0.1319,0.7059,0.2222
6,POWERTRAIN_M06_02,1.0,1.0,1.0
6,POWERTRAIN_M07_02,1.0,1.0,1.0
6,POWERTRAIN_M08_02,1.0,1.0,1.0
6,POWERTRAIN_M09_02,1.0,1.0,1.0
6,POWERTRAIN_M10_02,0.2143,1.0,0.3529
6,POWERTRAIN_M11_02,0.2667,1.0,0.4211
6,POWERTRAIN_M12_02,0.2667,1.0,0.4211
6,POWERTRAIN_M13_02,0.2667,1.0,0.4211
6,POWERTRAIN_M14_02,0.1728,0.7368,0.28
6,POWERTRAIN_M15_02,1.0,0.0,0.0
6,POWERTRAIN_M16_02,0.2453,1.0,0.3939
6,POWERTRAIN_M17_02,0.25,0.7059,0.3692
6,POWERTRAIN_M18_02,0.1463,0.7059,0.2424
6,POWERTRAIN_M19_02,1.0,0.0588,0.1111
6,POWERTRAIN_M20_02,0.2667,1.0,0.4211
6,POWERTRAIN_M21_02,0.1364,1.0,0.24
6,POWERTRAIN_M22_02,0.2667,1.0,0.4211
6,POWERTRAIN_M23_02,0.25,0.7059,0.3692
6,POWERTRAIN_M24_02,1.0,0.0,0.0
6,POWERTRAIN_M25_02,1.0,0.0,0.0
6,BATTERY_EV_M01_01,0.1304,0.7059,0.2202
6,BATTERY_EV_M02_01,0.1304,0.7059,0.2202
6,BATTERY_EV_M03_01,0.1304,0.7059,0.2202
6,BATTERY_EV_M04_01,0.1304,0.7059,0.2202
6,BATTERY_EV_M05_01,0.1304,0.7059,0.2202
6,BATTERY_EV_M06_01,1.0,1.0,1.0
6,BATTERY_EV_M07_01,1.0,1.0,1.0
6,BATTERY_EV_M08_01,1.0,1.0,1.0
6,BATTERY_EV_M09_01,1.0,1.0,1.0
6,BATTERY_EV_M10_01,0.1461,1.0,0.2549
6,BATTERY_EV_M11_01,0.1461,1.0,0.2549
6,BATTERY_EV_M12_01,0.1461,1.0,0.2549
6,BATTERY_EV_M13_01,0.1461,1.0,0.2549
6,BATTERY_EV_M14_01,0.2234,0.6774,0.336
6,BATTERY_EV_M15_01,1.0,0.0,0.0
6,BATTERY_EV_M16_01,0.1461,1.0,0.2549
6,BATTERY_EV_M17_01,0.1304,0.7059,0.2202
6,BATTERY_EV_M18_01,0.1304,0.7059,0.2202
6,BATTERY_EV_M19_01,1.0,0.0588,0.1111
6,BATTERY_EV_M20_01,0.1444,1.0,0.2524
6,BATTERY_EV_M21_01,0.1461,1.0,0.2549
6,BATTERY_EV_M22_01,0.1461,1.0,0.2549
6,BATTERY_EV_M23_01,0.1304,0.7059,0.2202
6,BATTERY_EV_M24_01,1.0,0.0,0.0
6,BATTERY_EV_M25_01,1.0,0.0,0.0
6,BATTERY_EV_M01_02,0.1304,0.7059,0.2202
6,BATTERY_EV_M02_02,0.1304,0.7059,0.2202
6,BATTERY_EV_M03_02,0.1304,0.7059,0.2202
6,BATTERY_EV_M04_02,0.1304,0.7059,0.2202
6,BATTERY_EV_M05_02,0.1304,0.7059,0.2202
6,BATTERY_EV_M06_02,1.0,1.0,1.0
6,BATTERY_EV_M07_02,1.0,1.0,1.0
6,BATTERY_EV_M08_02,1.0,1.0,1.0
6,BATTERY_EV_M09_02,1.0,1.0,1.0
6,BATTERY_EV_M10_02,0.1461,1.0,0.2549
6,BATTERY_EV_M11_02,0.1461,1.0,0.2549
6,BATTERY_EV_M12_02,0.1461,1.0,0.2549
6,BATTERY_EV_M13_02,0.1461,1.0,0.2549
6,BATTERY_EV_M14_02,0.1522,0.7368,0.2523
6,BATTERY_EV_M15_02,1.0,0.0,0.0
6,BATTERY_EV_M16_02,0.1461,1.0,0.2549
6,BATTERY_EV_M17_02,0.1304,0.7059,0.2202
6,BATTERY_EV_M18_02,0.1304,0.7059,0.2202
6,BATTERY_EV_M19_02,1.0,0.0588,0.1111
6,BATTERY_EV_M20_02,0.1461,1.0,0.2549
6,BATTERY_EV_M21_02,0.1461,1.0,0.2549
6,BATTERY_EV_M22_02,0.1461,1.0,0.2549
6,BATTERY_EV_M23_02,0.1304,0.7059,0.2202
6,BATTERY_EV_M24_02,1.0,0.0,0.0
6,BATTERY_EV_M25_02,1.0,0.0,0.0
