weight_config,wg,ws,wc,mutation_id,recall,precision,f1
Graph_Dominated,0.7,0.2,0.1,ADAS_M01_01,0.3241,0.7778,0.4575
Graph_Dominated,0.7,0.2,0.1,ADAS_M02_01,0.2593,0.7,0.3784
Graph_Dominated,0.7,0.2,0.1,ADAS_M03_01,0.3241,0.7778,0.4575
Graph_Dominated,0.7,0.2,0.1,ADAS_M04_01,0.3241,0.7778,0.4575
Graph_Dominated,0.7,0.2,0.1,ADAS_M05_01,0.3241,0.7778,0.4575
Graph_Dominated,0.7,0.2,0.1,ADAS_M06_01,1.0,1.0,1.0
Graph_Dominated,0.7,0.2,0.1,ADAS_M07_01,1.0,1.0,1.0
Graph_Dominated,0.7,0.2,0.1,ADAS_M08_01,1.0,1.0,1.0
Graph_Dominated,0.7,0.2,0.1,ADAS_M09_01,1.0,1.0,1.0
Graph_Dominated,0.7,0.2,0.1,ADAS_M10_01,0.4,1.0,0.5714
Graph_Dominated,0.7,0.2,0.1,ADAS_M11_01,0.419,1.0,0.5906
Graph_Dominated,0.7,0.2,0.1,ADAS_M12_01,0.4,1.0,0.5714
Graph_Dominated,0.7,0.2,0.1,ADAS_M13_01,0.4,1.0,0.5714
Graph_Dominated,0.7,0.2,0.1,ADAS_M14_01,0.3796,0.8039,0.5157
Graph_Dominated,0.7,0.2,0.1,ADAS_M15_01,1.0,1.0,1.0
Graph_Dominated,0.7,0.2,0.1,ADAS_M16_01,0.3524,1.0,0.5211
Graph_Dominated,0.7,0.2,0.1,ADAS_M17_01,0.3241,0.7778,0.4575
Graph_Dominated,0.7,0.2,0.1,ADAS_M18_01,0.3241,0.7778,0.4575
Graph_Dominated,0.7,0.2,0.1,ADAS_M19_01,1.0,0.0222,0.0435
Graph_Dominated,0.7,0.2,0.1,ADAS_M20_01,0.4,1.0,0.5714
Graph_Dominated,0.7,0.2,0.1,ADAS_M21_01,0.4,1.0,0.5714
Graph_Dominated,0.7,0.2,0.1,ADAS_M22_01,0.4,1.0,0.5714
Graph_Dominated,0.7,0.2,0.1,ADAS_M23_01,0.3241,0.7778,0.4575
Graph_Dominated,0.7,0.2,0.1,ADAS_M24_01,1.0,1.0,1.0
Graph_Dominated,0.7,0.2,0.1,ADAS_M25_01,1.0,1.0,1.0
Graph_Dominated,0.7,0.2,0.1,ADAS_M01_02,0.2685,0.7436,0.3946
Graph_Dominated,0.7,0.2,0.1,ADAS_M02_02,0.3241,0.7,0.443
Graph_Dominated,0.7,0.2,0.1,ADAS_M03_02,0.2593,0.7368,0.3836
Graph_Dominated,0.7,0.2,0.1,ADAS_M04_02,0.3241,0.7778,0.4575
Graph_Dominated,0.7,0.2,0.1,ADAS_M05_02,0.3241,0.7609,0.4545
Graph_Dominated,0.7,0.2,0.1,ADAS_M06_02,1.0,1.0,1.0
Graph_Dominated,0.7,0.2,0.1,ADAS_M07_02,1.0,1.0,1.0
Graph_Dominated,0.7,0.2,0.1,ADAS_M08_02,1.0,1.0,1.0
Graph_Dominated,0.7,0.2,0.1,ADAS_M09_02,1.0,1.0,1.0
Graph_Dominated,0.7,0.2,0.1,ADAS_M10_02,0.4,1.0,0.5714
Graph_Dominated,0.7,0.2,0.1,ADAS_M11_02,0.4,1.0,0.5714
Graph_Dominated,0.7,0.2,0.1,ADAS_M12_02,0.4,1.0,0.5714
Graph_Dominated,0.7,0.2,0.1,ADAS_M13_02,0.4,1.0,0.5714
Graph_Dominated,0.7,0.2,0.1,ADAS_M14_02,0.4727,0.7222,0.5714
Graph_Dominated,0.7,0.2,0.1,ADAS_M15_02,1.0,1.0,1.0
Graph_Dominated,0.7,0.2,0.1,ADAS_M16_02,0.4,1.0,0.5714
Graph_Dominated,0.7,0.2,0.1,ADAS_M17_02,0.3241,0.7778,0.4575
Graph_Dominated,0.7,0.2,0.1,ADAS_M18_02,0.3241,0.7778,0.4575
Graph_Dominated,0.7,0.2,0.1,ADAS_M19_02,1.0,0.0238,0.0465
Graph_Dominated,0.7,0.2,0.1,ADAS_M20_02,0.4,1.0,0.5714
Graph_Dominated,0.7,0.2,0.1,ADAS_M21_02,0.4,1.0,0.5714
Graph_Dominated,0.7,0.2,0.1,ADAS_M22_02,0.3619,1.0,0.5315
Graph_Dominated,0.7,0.2,0.1,ADAS_M23_02,0.3241,0.7778,0.4575
Graph_Dominated,0.7,0.2,0.1,ADAS_M24_02,1.0,1.0,1.0
Graph_Dominated,0.7,0.2,0.1,ADAS_M25_02,1.0,1.0,1.0
Graph_Dominated,0.7,0.2,0.1,POWERTRAIN_M01_01,0.16,0.7059,0.2609
Graph_Dominated,0.7,0.2,0.1,POWERTRAIN_M02_01,0.1538,0.7059,0.2526
Graph_Dominated,0.7,0.2,0.1,POWERTRAIN_M03_01,0.25,0.7059,0.3692
Graph_Dominated,0.7,0.2,0.1,POWERTRAIN_M04_01,0.1304,0.7059,0.2202
Graph_Dominated,0.7,0.2,0.1,POWERTRAIN_M05_01,0.25,0.7059,0.3692
Graph_Dominated,0.7,0.2,0.1,POWERTRAIN_M06_01,1.0,1.0,1.0
Graph_Dominated,0.7,0.2,0.1,POWERTRAIN_M07_01,1.0,1.0,1.0
Graph_Dominated,0.7,0.2,0.1,POWERTRAIN_M08_01,1.0,1.0,1.0
Graph_Dominated,0.7,0.2,0.1,POWERTRAIN_M09_01,1.0,1.0,1.0
Graph_Dominated,0.7,0.2,0.1,POWERTRAIN_M10_01,0.2667,1.0,0.4211
Graph_Dominated,0.7,0.2,0.1,POWERTRAIN_M11_01,0.1739,1.0,0.2963
Graph_Dominated,0.7,0.2,0.1,POWERTRAIN_M12_01,0.1644,1.0,0.2824
Graph_Dominated,0.7,0.2,0.1,POWERTRAIN_M13_01,0.1846,1.0,0.3117
Graph_Dominated,0.7,0.2,0.1,POWERTRAIN_M14_01,0.2,0.7368,0.3146
Graph_Dominated,0.7,0.2,0.1,POWERTRAIN_M15_01,1.0,1.0,1.0
Graph_Dominated,0.7,0.2,0.1,POWERTRAIN_M16_01,0.1333,1.0,0.2353
Graph_Dominated,0.7,0.2,0.1,POWERTRAIN_M17_01,0.25,0.7059,0.3692
Graph_Dominated,0.7,0.2,0.1,POWERTRAIN_M18_01,0.1348,0.7059,0.2264
Graph_Dominated,0.7,0.2,0.1,POWERTRAIN_M19_01,1.0,0.0588,0.1111
Graph_Dominated,0.7,0.2,0.1,POWERTRAIN_M20_01,0.1846,1.0,0.3117
Graph_Dominated,0.7,0.2,0.1,POWERTRAIN_M21_01,0.2667,1.0,0.4211
Graph_Dominated,0.7,0.2,0.1,POWERTRAIN_M22_01,0.2667,1.0,0.4211
Graph_Dominated,0.7,0.2,0.1,POWERTRAIN_M23_01,0.1519,0.7059,0.25
Graph_Dominated,0.7,0.2,0.1,POWERTRAIN_M24_01,1.0,1.0,1.0
Graph_Dominated,0.7,0.2,0.1,POWERTRAIN_M25_01,1.0,1.0,1.0
Graph_Dominated,0.7,0.2,0.1,POWERTRAIN_M01_02,0.25,0.7059,0.3692
Graph_Dominated,0.7,0.2,0.1,POWERTRAIN_M02_02,0.25,0.7059,0.3692
Graph_Dominated,0.7,0.2,0.1,POWERTRAIN_M03_02,0.1379,0.7059,0.2308
Graph_Dominated,0.7,0.2,0.1,POWERTRAIN_M04_02,0.25,0.7059,0.3692
Graph_Dominated,0.7,0.2,0.1,POWERTRAIN_M05_02,0.1319,0.7059,0.2222
Graph_Dominated,0.7,0.2,0.1,POWERTRAIN_M06_02,1.0,1.0,1.0
Graph_Dominated,0.7,0.2,0.1,POWERTRAIN_M07_02,1.0,1.0,1.0
Graph_Dominated,0.7,0.2,0.1,POWERTRAIN_M08_02,1.0,1.0,1.0
Graph_Dominated,0.7,0.2,0.1,POWERTRAIN_M09_02,1.0,1.0,1.0
Graph_Dominated,0.7,0.2,0.1,POWERTRAIN_M10_02,0.2143,1.0,0.3529
Graph_Dominated,0.7,0.2,0.1,POWERTRAIN_M11_02,0.2667,1.0,0.4211
Graph_Dominated,0.7,0.2,0.1,POWERTRAIN_M12_02,0.2667,1.0,0.4211
Graph_Dominated,0.7,0.2,0.1,POWERTRAIN_M13_02,0.2667,1.0,0.4211
Graph_Dominated,0.7,0.2,0.1,POWERTRAIN_M14_02,0.1728,0.7368,0.28
Graph_Dominated,0.7,0.2,0.1,POWERTRAIN_M15_02,1.0,1.0,1.0
Graph_Dominated,0.7,0.2,0.1,POWERTRAIN_M16_02,0.2453,1.0,0.3939
Graph_Dominated,0.7,0.2,0.1,POWERTRAIN_M17_02,0.25,0.7059,0.3692
Graph_Dominated,0.7,0.2,0.1,POWERTRAIN_M18_02,0.1463,0.7059,0.2424
Graph_Dominated,0.7,0.2,0.1,POWERTRAIN_M19_02,1.0,0.0588,0.1111
Graph_Dominated,0.7,0.2,0.1,POWERTRAIN_M20_02,0.2667,1.0,0.4211
Graph_Dominated,0.7,0.2,0.1,POWERTRAIN_M21_02,0.1364,1.0,0.24
Graph_Dominated,0.7,0.2,0.1,POWERTRAIN_M22_02,0.2667,1.0,0.4211
Graph_Dominated,0.7,0.2,0.1,POWERTRAIN_M23_02,0.25,0.7059,0.3692
Graph_Dominated,0.7,0.2,0.1,POWERTRAIN_M24_02,1.0,1.0,1.0
Graph_Dominated,0.7,0.2,0.1,POWERTRAIN_M25_02,1.0,1.0,1.0
Graph_Dominated,0.7,0.2,0.1,BATTERY_EV_M01_01,0.1304,0.6,0.2143
Graph_Dominated,0.7,0.2,0.1,BATTERY_EV_M02_01,0.1304,0.5,0.2069
Graph_Dominated,0.7,0.2,0.1,BATTERY_EV_M03_01,0.1304,0.7059,0.2202
Graph_Dominated,0.7,0.2,0.1,BATTERY_EV_M04_01,0.1304,0.7059,0.2202
Graph_Dominated,0.7,0.2,0.1,BATTERY_EV_M05_01,0.1304,0.3158,0.1846
Graph_Dominated,0.7,0.2,0.1,BATTERY_EV_M06_01,1.0,1.0,1.0
Graph_Dominated,0.7,0.2,0.1,BATTERY_EV_M07_01,1.0,1.0,1.0
Graph_Dominated,0.7,0.2,0.1,BATTERY_EV_M08_01,1.0,1.0,1.0
Graph_Dominated,0.7,0.2,0.1,BATTERY_EV_M09_01,1.0,1.0,1.0
Graph_Dominated,0.7,0.2,0.1,BATTERY_EV_M10_01,0.1461,1.0,0.2549
Graph_Dominated,0.7,0.2,0.1,BATTERY_EV_M11_01,0.1461,1.0,0.2549
Graph_Dominated,0.7,0.2,0.1,BATTERY_EV_M12_01,0.1461,1.0,0.2549
Graph_Dominated,0.7,0.2,0.1,BATTERY_EV_M13_01,0.1461,1.0,0.2549
Graph_Dominated,0.7,0.2,0.1,BATTERY_EV_M14_01,0.2234,0.6774,0.336
Graph_Dominated,0.7,0.2,0.1,BATTERY_EV_M15_01,1.0,1.0,1.0
Graph_Dominated,0.7,0.2,0.1,BATTERY_EV_M16_01,0.1461,1.0,0.2549
Graph_Dominated,0.7,0.2,0.1,BATTERY_EV_M17_01,0.1304,0.7059,0.2202
Graph_Dominated,0.7,0.2,0.1,BATTERY_EV_M18_01,0.1304,0.7059,0.2202
Graph_Dominated,0.7,0.2,0.1,BATTERY_EV_M19_01,1.0,0.0588,0.1111
Graph_Dominated,0.7,0.2,0.1,BATTERY_EV_M20_01,0.1444,1.0,0.2524
Graph_Dominated,0.7,0.2,0.1,BATTERY_EV_M21_01,0.1461,1.0,0.2549
Graph_Dominated,0.7,0.2,0.1,BATTERY_EV_M22_01,0.1461,1.0,0.2549
Graph_Dominated,0.7,0.2,0.1,BATTERY_EV_M23_01,0.1304,0.7059,0.2202
Graph_Dominated,0.7,0.2,0.1,BATTERY_EV_M24_01,1.0,1.0,1.0
Graph_Dominated,0.7,0.2,0.1,BATTERY_EV_M25_01,1.0,1.0,1.0
Graph_Dominated,0.7,0.2,0.1,BATTERY_EV_M01_02,0.1304,0.6316,0.2162
Graph_Dominated,0.7,0.2,0.1,BATTERY_EV_M02_02,0.1304,0.6,0.2143
Graph_Dominated,0.7,0.2,0.1,BATTERY_EV_M03_02,0.1304,0.7059,0.2202
Graph_Dominated,0.7,0.2,0.1,BATTERY_EV_M04_02,0.1304,0.7059,0.2202
Graph_Dominated,0.7,0.2,0.1,BATTERY_EV_M05_02,0.1304,0.4615,0.2034
Graph_Dominated,0.7,0.2,0.1,BATTERY_EV_M06_02,1.0,1.0,1.0
Graph_Dominated,0.7,0.2,0.1,BATTERY_EV_M07_02,1.0,1.0,1.0
Graph_Dominated,0.7,0.2,0.1,BATTERY_EV_M08_02,1.0,1.0,1.0
Graph_Dominated,0.7,0.2,0.1,BATTERY_EV_M09_02,1.0,1.0,1.0
Graph_Dominated,0.7,0.2,0.1,BATTERY_EV_M10_02,0.1461,1.0,0.2549
Graph_Dominated,0.7,0.2,0.1,BATTERY_EV_M11_02,0.1461,1.0,0.2549
Graph_Dominated,0.7,0.2,0.1,BATTERY_EV_M12_02,0.1461,1.0,0.2549
Graph_Dominated,0.7,0.2,0.1,BATTERY_EV_M13_02,0.1461,1.0,0.2549
Graph_Dominated,0.7,0.2,0.1,BATTERY_EV_M14_02,0.1522,0.7368,0.2523
Graph_Dominated,0.7,0.2,0.1,BATTERY_EV_M15_02,1.0,1.0,1.0
Graph_Dominated,0.7,0.2,0.1,BATTERY_EV_M16_02,0.1461,1.0,0.2549
Graph_Dominated,0.7,0.2,0.1,BATTERY_EV_M17_02,0.1304,0.7059,0.2202
Graph_Dominated,0.7,0.2,0.1,BATTERY_EV_M18_02,0.1304,0.7059,0.2202
Graph_Dominated,0.7,0.2,0.1,BATTERY_EV_M19_02,1.0,0.0588,0.1111
Graph_Dominated,0.7,0.2,0.1,BATTERY_EV_M20_02,0.1461,1.0,0.2549
Graph_Dominated,0.7,0.2,0.1,BATTERY_EV_M21_02,0.1461,1.0,0.2549
Graph_Dominated,0.7,0.2,0.1,BATTERY_EV_M22_02,0.1461,1.0,0.2549
Graph_Dominated,0.7,0.2,0.1,BATTERY_EV_M23_02,0.1304,0.7059,0.2202
Graph_Dominated,0.7,0.2,0.1,BATTERY_EV_M24_02,1.0,1.0,1.0
Graph_Dominated,0.7,0.2,0.1,BATTERY_EV_M25_02,1.0,1.0,1.0
Balanced,0.5,0.35,0.15,ADAS_M01_01,0.3241,0.7609,0.4545
Balanced,0.5,0.35,0.15,ADAS_M02_01,0.2593,0.6512,0.3709
Balanced,0.5,0.35,0.15,ADAS_M03_01,0.3241,0.7778,0.4575
Balanced,0.5,0.35,0.15,ADAS_M04_01,0.3241,0.7778,0.4575
Balanced,0.5,0.35,0.15,ADAS_M05_01,0.3241,0.7778,0.4575
Balanced,0.5,0.35,0.15,ADAS_M06_01,1.0,1.0,1.0
Balanced,0.5,0.35,0.15,ADAS_M07_01,1.0,1.0,1.0
Balanced,0.5,0.35,0.15,ADAS_M08_01,1.0,1.0,1.0
Balanced,0.5,0.35,0.15,ADAS_M09_01,1.0,1.0,1.0
Balanced,0.5,0.35,0.15,ADAS_M10_01,0.4,1.0,0.5714
Balanced,0.5,0.35,0.15,ADAS_M11_01,0.419,1.0,0.5906
Balanced,0.5,0.35,0.15,ADAS_M12_01,0.4,1.0,0.5714
Balanced,0.5,0.35,0.15,ADAS_M13_01,0.4,1.0,0.5714
Balanced,0.5,0.35,0.15,ADAS_M14_01,0.3796,0.8039,0.5157
Balanced,0.5,0.35,0.15,ADAS_M15_01,1.0,1.0,1.0
Balanced,0.5,0.35,0.15,ADAS_M16_01,0.3524,1.0,0.5211
Balanced,0.5,0.35,0.15,ADAS_M17_01,0.3241,0.7778,0.4575
Balanced,0.5,0.35,0.15,ADAS_M18_01,0.3241,0.7778,0.4575
Balanced,0.5,0.35,0.15,ADAS_M19_01,1.0,0.0222,0.0435
Balanced,0.5,0.35,0.15,ADAS_M20_01,0.4,1.0,0.5714
Balanced,0.5,0.35,0.15,ADAS_M21_01,0.4,1.0,0.5714
Balanced,0.5,0.35,0.15,ADAS_M22_01,0.4,1.0,0.5714
Balanced,0.5,0.35,0.15,ADAS_M23_01,0.3241,0.7778,0.4575
Balanced,0.5,0.35,0.15,ADAS_M24_01,1.0,1.0,1.0
Balanced,0.5,0.35,0.15,ADAS_M25_01,1.0,1.0,1.0
Balanced,0.5,0.35,0.15,ADAS_M01_02,0.2685,0.6591,0.3816
Balanced,0.5,0.35,0.15,ADAS_M02_02,0.3241,0.7,0.443
Balanced,0.5,0.35,0.15,ADAS_M03_02,0.2593,0.7368,0.3836
Balanced,0.5,0.35,0.15,ADAS_M04_02,0.3241,0.7778,0.4575
Balanced,0.5,0.35,0.15,ADAS_M05_02,0.3241,0.7609,0.4545
Balanced,0.5,0.35,0.15,ADAS_M06_02,1.0,1.0,1.0
Balanced,0.5,0.35,0.15,ADAS_M07_02,1.0,1.0,1.0
Balanced,0.5,0.35,0.15,ADAS_M08_02,1.0,1.0,1.0
Balanced,0.5,0.35,0.15,ADAS_M09_02,1.0,1.0,1.0
Balanced,0.5,0.35,0.15,ADAS_M10_02,0.4,1.0,0.5714
Balanced,0.5,0.35,0.15,ADAS_M11_02,0.4,1.0,0.5714
Balanced,0.5,0.35,0.15,ADAS_M12_02,0.4,1.0,0.5714
Balanced,0.5,0.35,0.15,ADAS_M13_02,0.4,1.0,0.5714
Balanced,0.5,0.35,0.15,ADAS_M14_02,0.4727,0.7222,0.5714
Balanced,0.5,0.35,0.15,ADAS_M15_02,1.0,1.0,1.0
Balanced,0.5,0.35,0.15,ADAS_M16_02,0.4,1.0,0.5714
Balanced,0.5,0.35,0.15,ADAS_M17_02,0.3241,0.7778,0.4575
Balanced,0.5,0.35,0.15,ADAS_M18_02,0.3241,0.7778,0.4575
Balanced,0.5,0.35,0.15,ADAS_M19_02,1.0,0.0238,0.0465
Balanced,0.5,0.35,0.15,ADAS_M20_02,0.4,1.0,0.5714
Balanced,0.5,0.35,0.15,ADAS_M21_02,0.4,1.0,0.5714
Balanced,0.5,0.35,0.15,ADAS_M22_02,0.3619,1.0,0.5315
Balanced,0.5,0.35,0.15,ADAS_M23_02,0.3241,0.7778,0.4575
Balanced,0.5,0.35,0.15,ADAS_M24_02,1.0,1.0,1.0
Balanced,0.5,0.35,0.15,ADAS_M25_02,1.0,1.0,1.0
Balanced,0.5,0.35,0.15,POWERTRAIN_M01_01,0.16,0.6667,0.2581
Balanced,0.5,0.35,0.15,POWERTRAIN_M02_01,0.1538,0.5217,0.2376
Balanced,0.5,0.35,0.15,POWERTRAIN_M03_01,0.25,0.7059,0.3692
Balanced,0.5,0.35,0.15,POWERTRAIN_M04_01,0.1304,0.7059,0.2202
Balanced,0.5,0.35,0.15,POWERTRAIN_M05_01,0.25,0.7059,0.3692
Balanced,0.5,0.35,0.15,POWERTRAIN_M06_01,1.0,1.0,1.0
Balanced,0.5,0.35,0.15,POWERTRAIN_M07_01,1.0,1.0,1.0
Balanced,0.5,0.35,0.15,POWERTRAIN_M08_01,1.0,1.0,1.0
Balanced,0.5,0.35,0.15,POWERTRAIN_M09_01,1.0,1.0,1.0
Balanced,0.5,0.35,0.15,POWERTRAIN_M10_01,0.2667,1.0,0.4211
Balanced,0.5,0.35,0.15,POWERTRAIN_M11_01,0.1739,1.0,0.2963
Balanced,0.5,0.35,0.15,POWERTRAIN_M12_01,0.1644,1.0,0.2824
Balanced,0.5,0.35,0.15,POWERTRAIN_M13_01,0.1846,1.0,0.3117
Balanced,0.5,0.35,0.15,POWERTRAIN_M14_01,0.2,0.7368,0.3146
Balanced,0.5,0.35,0.15,POWERTRAIN_M15_01,1.0,1.0,1.0
Balanced,0.5,0.35,0.15,POWERTRAIN_M16_01,0.1333,1.0,0.2353
Balanced,0.5,0.35,0.15,POWERTRAIN_M17_01,0.25,0.7059,0.3692
Balanced,0.5,0.35,0.15,POWERTRAIN_M18_01,0.1348,0.7059,0.2264
Balanced,0.5,0.35,0.15,POWERTRAIN_M19_01,1.0,0.0588,0.1111
Balanced,0.5,0.35,0.15,POWERTRAIN_M20_01,0.1846,1.0,0.3117
Balanced,0.5,0.35,0.15,POWERTRAIN_M21_01,0.2667,1.0,0.4211
Balanced,0.5,0.35,0.15,POWERTRAIN_M22_01,0.2667,1.0,0.4211
Balanced,0.5,0.35,0.15,POWERTRAIN_M23_01,0.1519,0.7059,0.25
Balanced,0.5,0.35,0.15,POWERTRAIN_M24_01,1.0,1.0,1.0
Balanced,0.5,0.35,0.15,POWERTRAIN_M25_01,1.0,1.0,1.0
Balanced,0.5,0.35,0.15,POWERTRAIN_M01_02,0.25,0.6667,0.3636
Balanced,0.5,0.35,0.15,POWERTRAIN_M02_02,0.25,0.5217,0.338
Balanced,0.5,0.35,0.15,POWERTRAIN_M03_02,0.1379,0.7059,0.2308
Balanced,0.5,0.35,0.15,POWERTRAIN_M04_02,0.25,0.7059,0.3692
Balanced,0.5,0.35,0.15,POWERTRAIN_M05_02,0.1319,0.7059,0.2222
Balanced,0.5,0.35,0.15,POWERTRAIN_M06_02,1.0,1.0,1.0
Balanced,0.5,0.35,0.15,POWERTRAIN_M07_02,1.0,1.0,1.0
Balanced,0.5,0.35,0.15,POWERTRAIN_M08_02,1.0,1.0,1.0
Balanced,0.5,0.35,0.15,POWERTRAIN_M09_02,1.0,1.0,1.0
Balanced,0.5,0.35,0.15,POWERTRAIN_M10_02,0.2143,1.0,0.3529
Balanced,0.5,0.35,0.15,POWERTRAIN_M11_02,0.2667,1.0,0.4211
Balanced,0.5,0.35,0.15,POWERTRAIN_M12_02,0.2667,1.0,0.4211
Balanced,0.5,0.35,0.15,POWERTRAIN_M13_02,0.2667,1.0,0.4211
Balanced,0.5,0.35,0.15,POWERTRAIN_M14_02,0.1728,0.7368,0.28
Balanced,0.5,0.35,0.15,POWERTRAIN_M15_02,1.0,1.0,1.0
Balanced,0.5,0.35,0.15,POWERTRAIN_M16_02,0.2453,1.0,0.3939
Balanced,0.5,0.35,0.15,POWERTRAIN_M17_02,0.25,0.7059,0.3692
Balanced,0.5,0.35,0.15,POWERTRAIN_M18_02,0.1463,0.7059,0.2424
Balanced,0.5,0.35,0.15,POWERTRAIN_M19_02,1.0,0.0588,0.1111
Balanced,0.5,0.35,0.15,POWERTRAIN_M20_02,0.2667,1.0,0.4211
Balanced,0.5,0.35,0.15,POWERTRAIN_M21_02,0.1364,1.0,0.24
Balanced,0.5,0.35,0.15,POWERTRAIN_M22_02,0.2667,1.0,0.4211
Balanced,0.5,0.35,0.15,POWERTRAIN_M23_02,0.25,0.7059,0.3692
Balanced,0.5,0.35,0.15,POWERTRAIN_M24_02,1.0,1.0,1.0
Balanced,0.5,0.35,0.15,POWERTRAIN_M25_02,1.0,1.0,1.0
Balanced,0.5,0.35,0.15,BATTERY_EV_M01_01,0.1304,0.1905,0.1548
Balanced,0.5,0.35,0.15,BATTERY_EV_M02_01,0.1304,0.1818,0.1519
Balanced,0.5,0.35,0.15,BATTERY_EV_M03_01,0.1304,0.7059,0.2202
Balanced,0.5,0.35,0.15,BATTERY_EV_M04_01,0.1304,0.7059,0.2202
Balanced,0.5,0.35,0.15,BATTERY_EV_M05_01,0.1304,0.3158,0.1846
Balanced,0.5,0.35,0.15,BATTERY_EV_M06_01,1.0,1.0,1.0
Balanced,0.5,0.35,0.15,BATTERY_EV_M07_01,1.0,1.0,1.0
Balanced,0.5,0.35,0.15,BATTERY_EV_M08_01,1.0,1.0,1.0
Balanced,0.5,0.35,0.15,BATTERY_EV_M09_01,1.0,1.0,1.0
Balanced,0.5,0.35,0.15,BATTERY_EV_M10_01,0.1461,1.0,0.2549
Balanced,0.5,0.35,0.15,BATTERY_EV_M11_01,0.1461,1.0,0.2549
Balanced,0.5,0.35,0.15,BATTERY_EV_M12_01,0.1461,1.0,0.2549
Balanced,0.5,0.35,0.15,BATTERY_EV_M13_01,0.1461,1.0,0.2549
Balanced,0.5,0.35,0.15,BATTERY_EV_M14_01,0.2234,0.6774,0.336
Balanced,0.5,0.35,0.15,BATTERY_EV_M15_01,1.0,1.0,1.0
Balanced,0.5,0.35,0.15,BATTERY_EV_M16_01,0.1461,1.0,0.2549
Balanced,0.5,0.35,0.15,BATTERY_EV_M17_01,0.1304,0.7059,0.2202
Balanced,0.5,0.35,0.15,BATTERY_EV_M18_01,0.1304,0.7059,0.2202
Balanced,0.5,0.35,0.15,BATTERY_EV_M19_01,1.0,0.0588,0.1111
Balanced,0.5,0.35,0.15,BATTERY_EV_M20_01,0.1444,1.0,0.2524
Balanced,0.5,0.35,0.15,BATTERY_EV_M21_01,0.1461,1.0,0.2549
Balanced,0.5,0.35,0.15,BATTERY_EV_M22_01,0.1461,1.0,0.2549
Balanced,0.5,0.35,0.15,BATTERY_EV_M23_01,0.1304,0.7059,0.2202
Balanced,0.5,0.35,0.15,BATTERY_EV_M24_01,1.0,1.0,1.0
Balanced,0.5,0.35,0.15,BATTERY_EV_M25_01,1.0,1.0,1.0
Balanced,0.5,0.35,0.15,BATTERY_EV_M01_02,0.1304,0.2143,0.1622
Balanced,0.5,0.35,0.15,BATTERY_EV_M02_02,0.1304,0.2182,0.1633
Balanced,0.5,0.35,0.15,BATTERY_EV_M03_02,0.1304,0.7059,0.2202
Balanced,0.5,0.35,0.15,BATTERY_EV_M04_02,0.1304,0.7059,0.2202
Balanced,0.5,0.35,0.15,BATTERY_EV_M05_02,0.1304,0.4615,0.2034
Balanced,0.5,0.35,0.15,BATTERY_EV_M06_02,1.0,1.0,1.0
Balanced,0.5,0.35,0.15,BATTERY_EV_M07_02,1.0,1.0,1.0
Balanced,0.5,0.35,0.15,BATTERY_EV_M08_02,1.0,1.0,1.0
Balanced,0.5,0.35,0.15,BATTERY_EV_M09_02,1.0,1.0,1.0
Balanced,0.5,0.35,0.15,BATTERY_EV_M10_02,0.1461,1.0,0.2549
Balanced,0.5,0.35,0.15,BATTERY_EV_M11_02,0.1461,1.0,0.2549
Balanced,0.5,0.35,0.15,BATTERY_EV_M12_02,0.1461,1.0,0.2549
Balanced,0.5,0.35,0.15,BATTERY_EV_M13_02,0.1461,1.0,0.2549
Balanced,0.5,0.35,0.15,BATTERY_EV_M14_02,0.1522,0.7368,0.2523
Balanced,0.5,0.35,0.15,BATTERY_EV_M15_02,1.0,1.0,1.0
Balanced,0.5,0.35,0.15,BATTERY_EV_M16_02,0.1461,1.0,0.2549
Balanced,0.5,0.35,0.15,BATTERY_EV_M17_02,0.1304,0.7059,0.2202
Balanced,0.5,0.35,0.15,BATTERY_EV_M18_02,0.1304,0.7059,0.2202
Balanced,0.5,0.35,0.15,BATTERY_EV_M19_02,1.0,0.0588,0.1111
Balanced,0.5,0.35,0.15,BATTERY_EV_M20_02,0.1461,1.0,0.2549
Balanced,0.5,0.35,0.15,BATTERY_EV_M21_02,0.1461,1.0,0.2549
Balanced,0.5,0.35,0.15,BATTERY_EV_M22_02,0.1461,1.0,0.2549
Balanced,0.5,0.35,0.15,BATTERY_EV_M23_02,0.1304,0.7059,0.2202
Balanced,0.5,0.35,0.15,BATTERY_EV_M24_02,1.0,1.0,1.0
Balanced,0.5,0.35,0.15,BATTERY_EV_M25_02,1.0,1.0,1.0
Semantic_Heavy,0.3,0.55,0.15,ADAS_M01_01,0.3241,0.7609,0.4545
Semantic_Heavy,0.3,0.55,0.15,ADAS_M02_01,0.2593,0.6512,0.3709
Semantic_Heavy,0.3,0.55,0.15,ADAS_M03_01,0.3241,0.7778,0.4575
Semantic_Heavy,0.3,0.55,0.15,ADAS_M04_01,0.3241,0.7778,0.4575
Semantic_Heavy,0.3,0.55,0.15,ADAS_M05_01,0.3241,0.7778,0.4575
Semantic_Heavy,0.3,0.55,0.15,ADAS_M06_01,1.0,1.0,1.0
Semantic_Heavy,0.3,0.55,0.15,ADAS_M07_01,1.0,1.0,1.0
Semantic_Heavy,0.3,0.55,0.15,ADAS_M08_01,1.0,1.0,1.0
Semantic_Heavy,0.3,0.55,0.15,ADAS_M09_01,1.0,1.0,1.0
Semantic_Heavy,0.3,0.55,0.15,ADAS_M10_01,0.4,1.0,0.5714
Semantic_Heavy,0.3,0.55,0.15,ADAS_M11_01,0.419,1.0,0.5906
Semantic_Heavy,0.3,0.55,0.15,ADAS_M12_01,0.4,1.0,0.5714
Semantic_Heavy,0.3,0.55,0.15,ADAS_M13_01,0.4,1.0,0.5714
Semantic_Heavy,0.3,0.55,0.15,ADAS_M14_01,0.3796,0.8039,0.5157
Semantic_Heavy,0.3,0.55,0.15,ADAS_M15_01,1.0,1.0,1.0
Semantic_Heavy,0.3,0.55,0.15,ADAS_M16_01,0.3524,1.0,0.5211
Semantic_Heavy,0.3,0.55,0.15,ADAS_M17_01,0.3241,0.7778,0.4575
Semantic_Heavy,0.3,0.55,0.15,ADAS_M18_01,0.3241,0.7778,0.4575
Semantic_Heavy,0.3,0.55,0.15,ADAS_M19_01,1.0,0.0222,0.0435
Semantic_Heavy,0.3,0.55,0.15,ADAS_M20_01,0.4,1.0,0.5714
Semantic_Heavy,0.3,0.55,0.15,ADAS_M21_01,0.4,1.0,0.5714
Semantic_Heavy,0.3,0.55,0.15,ADAS_M22_01,0.4,1.0,0.5714
Semantic_Heavy,0.3,0.55,0.15,ADAS_M23_01,0.3241,0.7778,0.4575
Semantic_Heavy,0.3,0.55,0.15,ADAS_M24_01,1.0,1.0,1.0
Semantic_Heavy,0.3,0.55,0.15,ADAS_M25_01,1.0,1.0,1.0
Semantic_Heavy,0.3,0.55,0.15,ADAS_M01_02,0.2685,0.6591,0.3816
Semantic_Heavy,0.3,0.55,0.15,ADAS_M02_02,0.3241,0.7,0.443
Semantic_Heavy,0.3,0.55,0.15,ADAS_M03_02,0.2593,0.7368,0.3836
Semantic_Heavy,0.3,0.55,0.15,ADAS_M04_02,0.3241,0.7778,0.4575
Semantic_Heavy,0.3,0.55,0.15,ADAS_M05_02,0.3241,0.7609,0.4545
Semantic_Heavy,0.3,0.55,0.15,ADAS_M06_02,1.0,1.0,1.0
Semantic_Heavy,0.3,0.55,0.15,ADAS_M07_02,1.0,1.0,1.0
Semantic_Heavy,0.3,0.55,0.15,ADAS_M08_02,1.0,1.0,1.0
Semantic_Heavy,0.3,0.55,0.15,ADAS_M09_02,1.0,1.0,1.0
Semantic_Heavy,0.3,0.55,0.15,ADAS_M10_02,0.4,1.0,0.5714
Semantic_Heavy,0.3,0.55,0.15,ADAS_M11_02,0.4,1.0,0.5714
Semantic_Heavy,0.3,0.55,0.15,ADAS_M12_02,0.4,1.0,0.5714
Semantic_Heavy,0.3,0.55,0.15,ADAS_M13_02,0.4,1.0,0.5714
Semantic_Heavy,0.3,0.55,0.15,ADAS_M14_02,0.4727,0.7222,0.5714
Semantic_Heavy,0.3,0.55,0.15,ADAS_M15_02,1.0,1.0,1.0
Semantic_Heavy,0.3,0.55,0.15,ADAS_M16_02,0.4,1.0,0.5714
Semantic_Heavy,0.3,0.55,0.15,ADAS_M17_02,0.3241,0.7778,0.4575
Semantic_Heavy,0.3,0.55,0.15,ADAS_M18_02,0.3241,0.7778,0.4575
Semantic_Heavy,0.3,0.55,0.15,ADAS_M19_02,1.0,0.0238,0.0465
Semantic_Heavy,0.3,0.55,0.15,ADAS_M20_02,0.4,1.0,0.5714
Semantic_Heavy,0.3,0.55,0.15,ADAS_M21_02,0.4,1.0,0.5714
Semantic_Heavy,0.3,0.55,0.15,ADAS_M22_02,0.3619,1.0,0.5315
Semantic_Heavy,0.3,0.55,0.15,ADAS_M23_02,0.3241,0.7778,0.4575
Semantic_Heavy,0.3,0.55,0.15,ADAS_M24_02,1.0,1.0,1.0
Semantic_Heavy,0.3,0.55,0.15,ADAS_M25_02,1.0,1.0,1.0
Semantic_Heavy,0.3,0.55,0.15,POWERTRAIN_M01_01,0.16,0.6667,0.2581
Semantic_Heavy,0.3,0.55,0.15,POWERTRAIN_M02_01,0.1538,0.5217,0.2376
Semantic_Heavy,0.3,0.55,0.15,POWERTRAIN_M03_01,0.25,0.7059,0.3692
Semantic_Heavy,0.3,0.55,0.15,POWERTRAIN_M04_01,0.1304,0.7059,0.2202
Semantic_Heavy,0.3,0.55,0.15,POWERTRAIN_M05_01,0.25,0.7059,0.3692
Semantic_Heavy,0.3,0.55,0.15,POWERTRAIN_M06_01,1.0,1.0,1.0
Semantic_Heavy,0.3,0.55,0.15,POWERTRAIN_M07_01,1.0,1.0,1.0
Semantic_Heavy,0.3,0.55,0.15,POWERTRAIN_M08_01,1.0,1.0,1.0
Semantic_Heavy,0.3,0.55,0.15,POWERTRAIN_M09_01,1.0,1.0,1.0
Semantic_Heavy,0.3,0.55,0.15,POWERTRAIN_M10_01,0.2667,1.0,0.4211
Semantic_Heavy,0.3,0.55,0.15,POWERTRAIN_M11_01,0.1739,1.0,0.2963
Semantic_Heavy,0.3,0.55,0.15,POWERTRAIN_M12_01,0.1644,1.0,0.2824
Semantic_Heavy,0.3,0.55,0.15,POWERTRAIN_M13_01,0.1846,1.0,0.3117
Semantic_Heavy,0.3,0.55,0.15,POWERTRAIN_M14_01,0.2,0.7368,0.3146
Semantic_Heavy,0.3,0.55,0.15,POWERTRAIN_M15_01,1.0,1.0,1.0
Semantic_Heavy,0.3,0.55,0.15,POWERTRAIN_M16_01,0.1333,1.0,0.2353
Semantic_Heavy,0.3,0.55,0.15,POWERTRAIN_M17_01,0.25,0.7059,0.3692
Semantic_Heavy,0.3,0.55,0.15,POWERTRAIN_M18_01,0.1348,0.7059,0.2264
Semantic_Heavy,0.3,0.55,0.15,POWERTRAIN_M19_01,1.0,0.0588,0.1111
Semantic_Heavy,0.3,0.55,0.15,POWERTRAIN_M20_01,0.1846,1.0,0.3117
Semantic_Heavy,0.3,0.55,0.15,POWERTRAIN_M21_01,0.2667,1.0,0.4211
Semantic_Heavy,0.3,0.55,0.15,POWERTRAIN_M22_01,0.2667,1.0,0.4211
Semantic_Heavy,0.3,0.55,0.15,POWERTRAIN_M23_01,0.1519,0.7059,0.25
Semantic_Heavy,0.3,0.55,0.15,POWERTRAIN_M24_01,1.0,1.0,1.0
Semantic_Heavy,0.3,0.55,0.15,POWERTRAIN_M25_01,1.0,1.0,1.0
Semantic_Heavy,0.3,0.55,0.15,POWERTRAIN_M01_02,0.25,0.6667,0.3636
Semantic_Heavy,0.3,0.55,0.15,POWERTRAIN_M02_02,0.25,0.5217,0.338
Semantic_Heavy,0.3,0.55,0.15,POWERTRAIN_M03_02,0.1379,0.7059,0.2308
Semantic_Heavy,0.3,0.55,0.15,POWERTRAIN_M04_02,0.25,0.7059,0.3692
Semantic_Heavy,0.3,0.55,0.15,POWERTRAIN_M05_02,0.1319,0.7059,0.2222
Semantic_Heavy,0.3,0.55,0.15,POWERTRAIN_M06_02,1.0,1.0,1.0
Semantic_Heavy,0.3,0.55,0.15,POWERTRAIN_M07_02,1.0,1.0,1.0
Semantic_Heavy,0.3,0.55,0.15,POWERTRAIN_M08_02,1.0,1.0,1.0
Semantic_Heavy,0.3,0.55,0.15,POWERTRAIN_M09_02,1.0,1.0,1.0
Semantic_Heavy,0.3,0.55,0.15,POWERTRAIN_M10_02,0.2143,1.0,0.3529
Semantic_Heavy,0.3,0.55,0.15,POWERTRAIN_M11_02,0.2667,1.0,0.4211
Semantic_Heavy,0.3,0.55,0.15,POWERTRAIN_M12_02,0.2667,1.0,0.4211
Semantic_Heavy,0.3,0.55,0.15,POWERTRAIN_M13_02,0.2667,1.0,0.4211
Semantic_Heavy,0.3,0.55,0.15,POWERTRAIN_M14_02,0.1728,0.7368,0.28
Semantic_Heavy,0.3,0.55,0.15,POWERTRAIN_M15_02,1.0,1.0,1.0
Semantic_Heavy,0.3,0.55,0.15,POWERTRAIN_M16_02,0.2453,1.0,0.3939
Semantic_Heavy,0.3,0.55,0.15,POWERTRAIN_M17_02,0.25,0.7059,0.3692
Semantic_Heavy,0.3,0.55,0.15,POWERTRAIN_M18_02,0.1463,0.7059,0.2424
Semantic_Heavy,0.3,0.55,0.15,POWERTRAIN_M19_02,1.0,0.0588,0.1111
Semantic_Heavy,0.3,0.55,0.15,POWERTRAIN_M20_02,0.2667,1.0,0.4211
Semantic_Heavy,0.3,0.55,0.15,POWERTRAIN_M21_02,0.1364,1.0,0.24
Semantic_Heavy,0.3,0.55,0.15,POWERTRAIN_M22_02,0.2667,1.0,0.4211
Semantic_Heavy,0.3,0.55,0.15,POWERTRAIN_M23_02,0.25,0.7059,0.3692
Semantic_Heavy,0.3,0.55,0.15,POWERTRAIN_M24_02,1.0,1.0,1.0
Semantic_Heavy,0.3,0.55,0.15,POWERTRAIN_M25_02,1.0,1.0,1.0
Semantic_Heavy,0.3,0.55,0.15,BATTERY_EV_M01_01,0.1304,0.1905,0.1548
Semantic_Heavy,0.3,0.55,0.15,BATTERY_EV_M02_01,0.1304,0.1818,0.1519
Semantic_Heavy,0.3,0.55,0.15,BATTERY_EV_M03_01,0.1304,0.7059,0.2202
Semantic_Heavy,0.3,0.55,0.15,BATTERY_EV_M04_01,0.1304,0.7059,0.2202
Semantic_Heavy,0.3,0.55,0.15,BATTERY_EV_M05_01,0.1304,0.3158,0.1846
Semantic_Heavy,0.3,0.55,0.15,BATTERY_EV_M06_01,1.0,1.0,1.0
Semantic_Heavy,0.3,0.55,0.15,BATTERY_EV_M07_01,1.0,1.0,1.0
Semantic_Heavy,0.3,0.55,0.15,BATTERY_EV_M08_01,1.0,1.0,1.0
Semantic_Heavy,0.3,0.55,0.15,BATTERY_EV_M09_01,1.0,1.0,1.0
Semantic_Heavy,0.3,0.55,0.15,BATTERY_EV_M10_01,0.1461,1.0,0.2549
Semantic_Heavy,0.3,0.55,0.15,BATTERY_EV_M11_01,0.1461,1.0,0.2549
Semantic_Heavy,0.3,0.55,0.15,BATTERY_EV_M12_01,0.1461,1.0,0.2549
Semantic_Heavy,0.3,0.55,0.15,BATTERY_EV_M13_01,0.1461,1.0,0.2549
Semantic_Heavy,0.3,0.55,0.15,BATTERY_EV_M14_01,0.2234,0.6774,0.336
Semantic_Heavy,0.3,0.55,0.15,BATTERY_EV_M15_01,1.0,1.0,1.0
Semantic_Heavy,0.3,0.55,0.15,BATTERY_EV_M16_01,0.1461,1.0,0.2549
Semantic_Heavy,0.3,0.55,0.15,BATTERY_EV_M17_01,0.1304,0.7059,0.2202
Semantic_Heavy,0.3,0.55,0.15,BATTERY_EV_M18_01,0.1304,0.7059,0.2202
Semantic_Heavy,0.3,0.55,0.15,BATTERY_EV_M19_01,1.0,0.0588,0.1111
Semantic_Heavy,0.3,0.55,0.15,BATTERY_EV_M20_01,0.1444,1.0,0.2524
Semantic_Heavy,0.3,0.55,0.15,BATTERY_EV_M21_01,0.1461,1.0,0.2549
Semantic_Heavy,0.3,0.55,0.15,BATTERY_EV_M22_01,0.1461,1.0,0.2549
Semantic_Heavy,0.3,0.55,0.15,BATTERY_EV_M23_01,0.1304,0.7059,0.2202
Semantic_Heavy,0.3,0.55,0.15,BATTERY_EV_M24_01,1.0,1.0,1.0
Semantic_Heavy,0.3,0.55,0.15,BATTERY_EV_M25_01,1.0,1.0,1.0
Semantic_Heavy,0.3,0.55,0.15,BATTERY_EV_M01_02,0.1304,0.2143,0.1622
Semantic_Heavy,0.3,0.55,0.15,BATTERY_EV_M02_02,0.1304,0.2182,0.1633
Semantic_Heavy,0.3,0.55,0.15,BATTERY_EV_M03_02,0.1304,0.7059,0.2202
Semantic_Heavy,0.3,0.55,0.15,BATTERY_EV_M04_02,0.1304,0.7059,0.2202
Semantic_Heavy,0.3,0.55,0.15,BATTERY_EV_M05_02,0.1304,0.4615,0.2034
Semantic_Heavy,0.3,0.55,0.15,BATTERY_EV_M06_02,1.0,1.0,1.0
Semantic_Heavy,0.3,0.55,0.15,BATTERY_EV_M07_02,1.0,1.0,1.0
Semantic_Heavy,0.3,0.55,0.15,BATTERY_EV_M08_02,1.0,1.0,1.0
Semantic_Heavy,0.3,0.55,0.15,BATTERY_EV_M09_02,1.0,1.0,1.0
Semantic_Heavy,0.3,0.55,0.15,BATTERY_EV_M10_02,0.1461,1.0,0.2549
Semantic_Heavy,0.3,0.55,0.15,BATTERY_EV_M11_02,0.1461,1.0,0.2549
Semantic_Heavy,0.3,0.55,0.15,BATTERY_EV_M12_02,0.1461,1.0,0.2549
Semantic_Heavy,0.3,0.55,0.15,BATTERY_EV_M13_02,0.1461,1.0,0.2549
Semantic_Heavy,0.3,0.55,0.15,BATTERY_EV_M14_02,0.1522,0.7368,0.2523
Semantic_Heavy,0.3,0.55,0.15,BATTERY_EV_M15_02,1.0,1.0,1.0
Semantic_Heavy,0.3,0.55,0.15,BATTERY_EV_M16_02,0.1461,1.0,0.2549
Semantic_Heavy,0.3,0.55,0.15,BATTERY_EV_M17_02,0.1304,0.7059,0.2202
Semantic_Heavy,0.3,0.55,0.15,BATTERY_EV_M18_02,0.1304,0.7059,0.2202
Semantic_Heavy,0.3,0.55,0.15,BATTERY_EV_M19_02,1.0,0.0588,0.1111
Semantic_Heavy,0.3,0.55,0.15,BATTERY_EV_M20_02,0.1461,1.0,0.2549
Semantic_Heavy,0.3,0.55,0.15,BATTERY_EV_M21_02,0.1461,1.0,0.2549
Semantic_Heavy,0.3,0.55,0.15,BATTERY_EV_M22_02,0.1461,1.0,0.2549
Semantic_Heavy,0.3,0.55,0.15,BATTERY_EV_M23_02,0.1304,0.7059,0.2202
Semantic_Heavy,0.3,0.55,0.15,BATTERY_EV_M24_02,1.0,1.0,1.0
Semantic_Heavy,0.3,0.55,0.15,BATTERY_EV_M25_02,1.0,1.0,1.0
Equal_Weights,0.33,0.33,0.34,ADAS_M01_01,0.3241,0.7609,0.4545
Equal_Weights,0.33,0.33,0.34,ADAS_M02_01,0.2593,0.6512,0.3709
Equal_Weights,0.33,0.33,0.34,ADAS_M03_01,0.3241,0.7778,0.4575
Equal_Weights,0.33,0.33,0.34,ADAS_M04_01,0.3241,0.7778,0.4575
Equal_Weights,0.33,0.33,0.34,ADAS_M05_01,0.3241,0.7778,0.4575
Equal_Weights,0.33,0.33,0.34,ADAS_M06_01,1.0,1.0,1.0
Equal_Weights,0.33,0.33,0.34,ADAS_M07_01,1.0,1.0,1.0
Equal_Weights,0.33,0.33,0.34,ADAS_M08_01,1.0,1.0,1.0
Equal_Weights,0.33,0.33,0.34,ADAS_M09_01,1.0,1.0,1.0
Equal_Weights,0.33,0.33,0.34,ADAS_M10_01,0.4,1.0,0.5714
Equal_Weights,0.33,0.33,0.34,ADAS_M11_01,0.419,1.0,0.5906
Equal_Weights,0.33,0.33,0.34,ADAS_M12_01,0.4,1.0,0.5714
Equal_Weights,0.33,0.33,0.34,ADAS_M13_01,0.4,1.0,0.5714
Equal_Weights,0.33,0.33,0.34,ADAS_M14_01,0.3796,0.8039,0.5157
Equal_Weights,0.33,0.33,0.34,ADAS_M15_01,1.0,1.0,1.0
Equal_Weights,0.33,0.33,0.34,ADAS_M16_01,0.3524,1.0,0.5211
Equal_Weights,0.33,0.33,0.34,ADAS_M17_01,0.3241,0.7778,0.4575
Equal_Weights,0.33,0.33,0.34,ADAS_M18_01,0.3241,0.7778,0.4575
Equal_Weights,0.33,0.33,0.34,ADAS_M19_01,1.0,0.0222,0.0435
Equal_Weights,0.33,0.33,0.34,ADAS_M20_01,0.4,1.0,0.5714
Equal_Weights,0.33,0.33,0.34,ADAS_M21_01,0.4,1.0,0.5714
Equal_Weights,0.33,0.33,0.34,ADAS_M22_01,0.4,1.0,0.5714
Equal_Weights,0.33,0.33,0.34,ADAS_M23_01,0.3241,0.7778,0.4575
Equal_Weights,0.33,0.33,0.34,ADAS_M24_01,1.0,1.0,1.0
Equal_Weights,0.33,0.33,0.34,ADAS_M25_01,1.0,1.0,1.0
Equal_Weights,0.33,0.33,0.34,ADAS_M01_02,0.2685,0.6591,0.3816
Equal_Weights,0.33,0.33,0.34,ADAS_M02_02,0.3241,0.7,0.443
Equal_Weights,0.33,0.33,0.34,ADAS_M03_02,0.2593,0.7368,0.3836
Equal_Weights,0.33,0.33,0.34,ADAS_M04_02,0.3241,0.7778,0.4575
Equal_Weights,0.33,0.33,0.34,ADAS_M05_02,0.3241,0.7609,0.4545
Equal_Weights,0.33,0.33,0.34,ADAS_M06_02,1.0,1.0,1.0
Equal_Weights,0.33,0.33,0.34,ADAS_M07_02,1.0,1.0,1.0
Equal_Weights,0.33,0.33,0.34,ADAS_M08_02,1.0,1.0,1.0
Equal_Weights,0.33,0.33,0.34,ADAS_M09_02,1.0,1.0,1.0
Equal_Weights,0.33,0.33,0.34,ADAS_M10_02,0.4,1.0,0.5714
Equal_Weights,0.33,0.33,0.34,ADAS_M11_02,0.4,1.0,0.5714
Equal_Weights,0.33,0.33,0.34,ADAS_M12_02,0.4,1.0,0.5714
Equal_Weights,0.33,0.33,0.34,ADAS_M13_02,0.4,1.0,0.5714
Equal_Weights,0.33,0.33,0.34,ADAS_M14_02,0.4727,0.7222,0.5714
Equal_Weights,0.33,0.33,0.34,ADAS_M15_02,1.0,1.0,1.0
Equal_Weights,0.33,0.33,0.34,ADAS_M16_02,0.4,1.0,0.5714
Equal_Weights,0.33,0.33,0.34,ADAS_M17_02,0.3241,0.7778,0.4575
Equal_Weights,0.33,0.33,0.34,ADAS_M18_02,0.3241,0.7778,0.4575
Equal_Weights,0.33,0.33,0.34,ADAS_M19_02,1.0,0.0238,0.0465
Equal_Weights,0.33,0.33,0.34,ADAS_M20_02,0.4,1.0,0.5714
Equal_Weights,0.33,0.33,0.34,ADAS_M21_02,0.4,1.0,0.5714
Equal_Weights,0.33,0.33,0.34,ADAS_M22_02,0.3619,1.0,0.5315
Equal_Weights,0.33,0.33,0.34,ADAS_M23_02,0.3241,0.7778,0.4575
Equal_Weights,0.33,0.33,0.34,ADAS_M24_02,1.0,1.0,1.0
Equal_Weights,0.33,0.33,0.34,ADAS_M25_02,1.0,1.0,1.0
Equal_Weights,0.33,0.33,0.34,POWERTRAIN_M01_01,0.16,0.6667,0.2581
Equal_Weights,0.33,0.33,0.34,POWERTRAIN_M02_01,0.1538,0.5217,0.2376
Equal_Weights,0.33,0.33,0.34,POWERTRAIN_M03_01,0.25,0.7059,0.3692
Equal_Weights,0.33,0.33,0.34,POWERTRAIN_M04_01,0.1304,0.7059,0.2202
Equal_Weights,0.33,0.33,0.34,POWERTRAIN_M05_01,0.25,0.7059,0.3692
Equal_Weights,0.33,0.33,0.34,POWERTRAIN_M06_01,1.0,1.0,1.0
Equal_Weights,0.33,0.33,0.34,POWERTRAIN_M07_01,1.0,1.0,1.0
Equal_Weights,0.33,0.33,0.34,POWERTRAIN_M08_01,1.0,1.0,1.0
Equal_Weights,0.33,0.33,0.34,POWERTRAIN_M09_01,1.0,1.0,1.0
Equal_Weights,0.33,0.33,0.34,POWERTRAIN_M10_01,0.2667,1.0,0.4211
Equal_Weights,0.33,0.33,0.34,POWERTRAIN_M11_01,0.1739,1.0,0.2963
Equal_Weights,0.33,0.33,0.34,POWERTRAIN_M12_01,0.1644,1.0,0.2824
Equal_Weights,0.33,0.33,0.34,POWERTRAIN_M13_01,0.1846,1.0,0.3117
Equal_Weights,0.33,0.33,0.34,POWERTRAIN_M14_01,0.2,0.7368,0.3146
Equal_Weights,0.33,0.33,0.34,POWERTRAIN_M15_01,1.0,1.0,1.0
Equal_Weights,0.33,0.33,0.34,POWERTRAIN_M16_01,0.1333,1.0,0.2353
Equal_Weights,0.33,0.33,0.34,POWERTRAIN_M17_01,0.25,0.7059,0.3692
Equal_Weights,0.33,0.33,0.34,POWERTRAIN_M18_01,0.1348,0.7059,0.2264
Equal_Weights,0.33,0.33,0.34,POWERTRAIN_M19_01,1.0,0.0588,0.1111
Equal_Weights,0.33,0.33,0.34,POWERTRAIN_M20_01,0.1846,1.0,0.3117
Equal_Weights,0.33,0.33,0.34,POWERTRAIN_M21_01,0.2667,1.0,0.4211
Equal_Weights,0.33,0.33,0.34,POWERTRAIN_M22_01,0.2667,1.0,0.4211
Equal_Weights,0.33,0.33,0.34,POWERTRAIN_M23_01,0.1519,0.7059,0.25
Equal_Weights,0.33,0.33,0.34,POWERTRAIN_M24_01,1.0,1.0,1.0
Equal_Weights,0.33,0.33,0.34,POWERTRAIN_M25_01,1.0,1.0,1.0
Equal_Weights,0.33,0.33,0.34,POWERTRAIN_M01_02,0.25,0.6667,0.3636
Equal_Weights,0.33,0.33,0.34,POWERTRAIN_M02_02,0.25,0.5217,0.338
Equal_Weights,0.33,0.33,0.34,POWERTRAIN_M03_02,0.1379,0.7059,0.2308
Equal_Weights,0.33,0.33,0.34,POWERTRAIN_M04_02,0.25,0.7059,0.3692
Equal_Weights,0.33,0.33,0.34,POWERTRAIN_M05_02,0.1319,0.7059,0.2222
Equal_Weights,0.33,0.33,0.34,POWERTRAIN_M06_02,1.0,1.0,1.0
Equal_Weights,0.33,0.33,0.34,POWERTRAIN_M07_02,1.0,1.0,1.0
Equal_Weights,0.33,0.33,0.34,POWERTRAIN_M08_02,1.0,1.0,1.0
Equal_Weights,0.33,0.33,0.34,POWERTRAIN_M09_02,1.0,1.0,1.0
Equal_Weights,0.33,0.33,0.34,POWERTRAIN_M10_02,0.2143,1.0,0.3529
Equal_Weights,0.33,0.33,0.34,POWERTRAIN_M11_02,0.2667,1.0,0.4211
Equal_Weights,0.33,0.33,0.34,POWERTRAIN_M12_02,0.2667,1.0,0.4211
Equal_Weights,0.33,0.33,0.34,POWERTRAIN_M13_02,0.2667,1.0,0.4211
Equal_Weights,0.33,0.33,0.34,POWERTRAIN_M14_02,0.1728,0.7368,0.28
Equal_Weights,0.33,0.33,0.34,POWERTRAIN_M15_02,1.0,1.0,1.0
Equal_Weights,0.33,0.33,0.34,POWERTRAIN_M16_02,0.2453,1.0,0.3939
Equal_Weights,0.33,0.33,0.34,POWERTRAIN_M17_02,0.25,0.7059,0.3692
Equal_Weights,0.33,0.33,0.34,POWERTRAIN_M18_02,0.1463,0.7059,0.2424
Equal_Weights,0.33,0.33,0.34,POWERTRAIN_M19_02,1.0,0.0588,0.1111
Equal_Weights,0.33,0.33,0.34,POWERTRAIN_M20_02,0.2667,1.0,0.4211
Equal_Weights,0.33,0.33,0.34,POWERTRAIN_M21_02,0.1364,1.0,0.24
Equal_Weights,0.33,0.33,0.34,POWERTRAIN_M22_02,0.2667,1.0,0.4211
Equal_Weights,0.33,0.33,0.34,POWERTRAIN_M23_02,0.25,0.7059,0.3692
Equal_Weights,0.33,0.33,0.34,POWERTRAIN_M24_02,1.0,1.0,1.0
Equal_Weights,0.33,0.33,0.34,POWERTRAIN_M25_02,1.0,1.0,1.0
Equal_Weights,0.33,0.33,0.34,BATTERY_EV_M01_01,0.1304,0.1905,0.1548
Equal_Weights,0.33,0.33,0.34,BATTERY_EV_M02_01,0.1304,0.1818,0.1519
Equal_Weights,0.33,0.33,0.34,BATTERY_EV_M03_01,0.1304,0.7059,0.2202
Equal_Weights,0.33,0.33,0.34,BATTERY_EV_M04_01,0.1304,0.7059,0.2202
Equal_Weights,0.33,0.33,0.34,BATTERY_EV_M05_01,0.1304,0.3158,0.1846
Equal_Weights,0.33,0.33,0.34,BATTERY_EV_M06_01,1.0,1.0,1.0
Equal_Weights,0.33,0.33,0.34,BATTERY_EV_M07_01,1.0,1.0,1.0
Equal_Weights,0.33,0.33,0.34,BATTERY_EV_M08_01,1.0,1.0,1.0
Equal_Weights,0.33,0.33,0.34,BATTERY_EV_M09_01,1.0,1.0,1.0
Equal_Weights,0.33,0.33,0.34,BATTERY_EV_M10_01,0.1461,1.0,0.2549
Equal_Weights,0.33,0.33,0.34,BATTERY_EV_M11_01,0.1461,1.0,0.2549
Equal_Weights,0.33,0.33,0.34,BATTERY_EV_M12_01,0.1461,1.0,0.2549
Equal_Weights,0.33,0.33,0.34,BATTERY_EV_M13_01,0.1461,1.0,0.2549
Equal_Weights,0.33,0.33,0.34,BATTERY_EV_M14_01,0.2234,0.6774,0.336
Equal_Weights,0.33,0.33,0.34,BATTERY_EV_M15_01,1.0,1.0,1.0
Equal_Weights,0.33,0.33,0.34,BATTERY_EV_M16_01,0.1461,1.0,0.2549
Equal_Weights,0.33,0.33,0.34,BATTERY_EV_M17_01,0.1304,0.7059,0.2202
Equal_Weights,0.33,0.33,0.34,BATTERY_EV_M18_01,0.1304,0.7059,0.2202
Equal_Weights,0.33,0.33,0.34,BATTERY_EV_M19_01,1.0,0.0588,0.1111
Equal_Weights,0.33,0.33,0.34,BATTERY_EV_M20_01,0.1444,1.0,0.2524
Equal_Weights,0.33,0.33,0.34,BATTERY_EV_M21_01,0.1461,1.0,0.2549
Equal_Weights,0.33,0.33,0.34,BATTERY_EV_M22_01,0.1461,1.0,0.2549
Equal_Weights,0.33,0.33,0.34,BATTERY_EV_M23_01,0.1304,0.7059,0.2202
Equal_Weights,0.33,0.33,0.34,BATTERY_EV_M24_01,1.0,1.0,1.0
Equal_Weights,0.33,0.33,0.34,BATTERY_EV_M25_01,1.0,1.0,1.0
Equal_Weights,0.33,0.33,0.34,BATTERY_EV_M01_02,0.1304,0.2143,0.1622
Equal_Weights,0.33,0.33,0.34,BATTERY_EV_M02_02,0.1304,0.2182,0.1633
Equal_Weights,0.33,0.33,0.34,BATTERY_EV_M03_02,0.1304,0.7059,0.2202
Equal_Weights,0.33,0.33,0.34,BATTERY_EV_M04_02,0.1304,0.7059,0.2202
Equal_Weights,0.33,0.33,0.34,BATTERY_EV_M05_02,0.1304,0.4615,0.2034
Equal_Weights,0.33,0.33,0.34,BATTERY_EV_M06_02,1.0,1.0,1.0
Equal_Weights,0.33,0.33,0.34,BATTERY_EV_M07_02,1.0,1.0,1.0
Equal_Weights,0.33,0.33,0.34,BATTERY_EV_M08_02,1.0,1.0,1.0
Equal_Weights,0.33,0.33,0.34,BATTERY_EV_M09_02,1.0,1.0,1.0
Equal_Weights,0.33,0.33,0.34,BATTERY_EV_M10_02,0.1461,1.0,0.2549
Equal_Weights,0.33,0.33,0.34,BATTERY_EV_M11_02,0.1461,1.0,0.2549
Equal_Weights,0.33,0.33,0.34,BATTERY_EV_M12_02,0.1461,1.0,0.2549
Equal_Weights,0.33,0.33,0.34,BATTERY_EV_M13_02,0.1461,1.0,0.2549
Equal_Weights,0.33,0.33,0.34,BATTERY_EV_M14_02,0.1522,0.7368,0.2523
Equal_Weights,0.33,0.33,0.34,BATTERY_EV_M15_02,1.0,1.0,1.0
Equal_Weights,0.33,0.33,0.34,BATTERY_EV_M16_02,0.1461,1.0,0.2549
Equal_Weights,0.33,0.33,0.34,BATTERY_EV_M17_02,0.1304,0.7059,0.2202
Equal_Weights,0.33,0.33,0.34,BATTERY_EV_M18_02,0.1304,0.7059,0.2202
Equal_Weights,0.33,0.33,0.34,BATTERY_EV_M19_02,1.0,0.0588,0.1111
Equal_Weights,0.33,0.33,0.34,BATTERY_EV_M20_02,0.1461,1.0,0.2549
Equal_Weights,0.33,0.33,0.34,BATTERY_EV_M21_02,0.1461,1.0,0.2549
Equal_Weights,0.33,0.33,0.34,BATTERY_EV_M22_02,0.1461,1.0,0.2549
Equal_Weights,0.33,0.33,0.34,BATTERY_EV_M23_02,0.1304,0.7059,0.2202
Equal_Weights,0.33,0.33,0.34,BATTERY_EV_M24_02,1.0,1.0,1.0
Equal_Weights,0.33,0.33,0.34,BATTERY_EV_M25_02,1.0,1.0,1.0
