held_out_project,mutation_id,change_type,method,calibrated_threshold,recall,precision,f1,latency_ms
ADAS,ADAS_M01_01,M01,Graph_Only,0.8,0.2315,0.7143,0.3497,0.247
ADAS,ADAS_M01_01,M01,Embedding_Only,0.8,0.0093,1.0,0.0183,0.965
ADAS,ADAS_M01_01,M01,Hybrid_AURA_Routed,0.8,0.3241,0.7778,0.4575,1.981
ADAS,ADAS_M02_01,M02,Graph_Only,0.8,0.1759,0.6552,0.2774,0.161
ADAS,ADAS_M02_01,M02,Embedding_Only,0.8,0.0093,1.0,0.0183,1.266
ADAS,ADAS_M02_01,M02,Hybrid_AURA_Routed,0.8,0.2593,0.7368,0.3836,1.676
ADAS,ADAS_M03_01,M03,Graph_Only,0.8,0.2315,0.7143,0.3497,0.206
ADAS,ADAS_M03_01,M03,Embedding_Only,0.8,0.0093,1.0,0.0183,1.072
ADAS,ADAS_M03_01,M03,Hybrid_AURA_Routed,0.8,0.3241,0.7778,0.4575,1.968
ADAS,ADAS_M04_01,M04,Graph_Only,0.8,0.2315,0.7143,0.3497,0.106
ADAS,ADAS_M04_01,M04,Embedding_Only,0.8,0.0093,1.0,0.0183,0.827
ADAS,ADAS_M04_01,M04,Hybrid_AURA_Routed,0.8,0.3241,0.7778,0.4575,1.81
ADAS,ADAS_M05_01,M05,Graph_Only,0.8,0.2315,0.7143,0.3497,0.102
ADAS,ADAS_M05_01,M05,Embedding_Only,0.8,0.0093,1.0,0.0183,0.915
ADAS,ADAS_M05_01,M05,Hybrid_AURA_Routed,0.8,0.3241,0.7778,0.4575,1.742
ADAS,ADAS_M06_01,M06,Graph_Only,0.8,1.0,1.0,1.0,0.005
ADAS,ADAS_M06_01,M06,Embedding_Only,0.8,1.0,0.0,0.0,0.92
ADAS,ADAS_M06_01,M06,Hybrid_AURA_Routed,0.8,1.0,1.0,1.0,0.019
ADAS,ADAS_M07_01,M07,Graph_Only,0.8,1.0,1.0,1.0,0.005
ADAS,ADAS_M07_01,M07,Embedding_Only,0.8,1.0,0.0,0.0,0.906
ADAS,ADAS_M07_01,M07,Hybrid_AURA_Routed,0.8,1.0,1.0,1.0,0.017
ADAS,ADAS_M08_01,M08,Graph_Only,0.8,1.0,1.0,1.0,0.004
ADAS,ADAS_M08_01,M08,Embedding_Only,0.8,1.0,0.0,0.0,1.12
ADAS,ADAS_M08_01,M08,Hybrid_AURA_Routed,0.8,1.0,1.0,1.0,0.019
ADAS,ADAS_M09_01,M09,Graph_Only,0.8,1.0,1.0,1.0,0.004
ADAS,ADAS_M09_01,M09,Embedding_Only,0.8,1.0,0.0,0.0,0.934
ADAS,ADAS_M09_01,M09,Hybrid_AURA_Routed,0.8,1.0,1.0,1.0,0.008
ADAS,ADAS_M10_01,M10,Graph_Only,0.8,0.3238,1.0,0.4892,0.092
ADAS,ADAS_M10_01,M10,Embedding_Only,0.8,0.0095,1.0,0.0189,0.559
ADAS,ADAS_M10_01,M10,Hybrid_AURA_Routed,0.8,0.4,1.0,0.5714,0.692
ADAS,ADAS_M11_01,M11,Graph_Only,0.8,0.3714,1.0,0.5417,0.227
ADAS,ADAS_M11_01,M11,Embedding_Only,0.8,0.0095,1.0,0.0189,1.327
ADAS,ADAS_M11_01,M11,Hybrid_AURA_Routed,0.8,0.419,1.0,0.5906,0.757
ADAS,ADAS_M12_01,M12,Graph_Only,0.8,0.3619,1.0,0.5315,0.117
ADAS,ADAS_M12_01,M12,Embedding_Only,0.8,0.0095,1.0,0.0189,0.647
ADAS,ADAS_M12_01,M12,Hybrid_AURA_Routed,0.8,0.4,1.0,0.5714,0.692
ADAS,ADAS_M13_01,M13,Graph_Only,0.8,0.3619,1.0,0.5315,0.224
ADAS,ADAS_M13_01,M13,Embedding_Only,0.8,0.0095,1.0,0.0189,0.965
ADAS,ADAS_M13_01,M13,Hybrid_AURA_Routed,0.8,0.4,1.0,0.5714,0.711
ADAS,ADAS_M14_01,M14,Graph_Only,0.8,0.3241,0.7778,0.4575,0.345
ADAS,ADAS_M14_01,M14,Embedding_Only,0.8,0.0093,1.0,0.0183,1.139
ADAS,ADAS_M14_01,M14,Hybrid_AURA_Routed,0.8,0.3796,0.8039,0.5157,0.755
ADAS,ADAS_M15_01,M15,Graph_Only,0.8,1.0,0.0,0.0,0.207
ADAS,ADAS_M15_01,M15,Embedding_Only,0.8,1.0,0.0,0.0,1.099
ADAS,ADAS_M15_01,M15,Hybrid_AURA_Routed,0.8,1.0,1.0,1.0,0.013
ADAS,ADAS_M16_01,M16,Graph_Only,0.8,0.3048,1.0,0.4672,0.186
ADAS,ADAS_M16_01,M16,Embedding_Only,0.8,0.0095,1.0,0.0189,0.91
ADAS,ADAS_M16_01,M16,Hybrid_AURA_Routed,0.8,0.3524,1.0,0.5211,0.572
ADAS,ADAS_M17_01,M17,Graph_Only,0.8,0.2315,0.7143,0.3497,0.172
ADAS,ADAS_M17_01,M17,Embedding_Only,0.8,0.0093,1.0,0.0183,0.945
ADAS,ADAS_M17_01,M17,Hybrid_AURA_Routed,0.8,0.3241,0.7778,0.4575,0.655
ADAS,ADAS_M18_01,M18,Graph_Only,0.8,0.2315,0.7143,0.3497,0.35
ADAS,ADAS_M18_01,M18,Embedding_Only,0.8,0.0093,1.0,0.0183,1.126
ADAS,ADAS_M18_01,M18,Hybrid_AURA_Routed,0.8,0.3241,0.7778,0.4575,1.845
ADAS,ADAS_M19_01,M19,Graph_Only,0.8,1.0,0.0286,0.0556,0.214
ADAS,ADAS_M19_01,M19,Embedding_Only,0.8,1.0,1.0,1.0,0.908
ADAS,ADAS_M19_01,M19,Hybrid_AURA_Routed,0.8,1.0,0.0222,0.0435,2.754
ADAS,ADAS_M20_01,M20,Graph_Only,0.8,0.3619,1.0,0.5315,0.283
ADAS,ADAS_M20_01,M20,Embedding_Only,0.8,0.0095,1.0,0.0189,1.445
ADAS,ADAS_M20_01,M20,Hybrid_AURA_Routed,0.8,0.4,1.0,0.5714,1.963
ADAS,ADAS_M21_01,M21,Graph_Only,0.8,0.3619,1.0,0.5315,0.244
ADAS,ADAS_M21_01,M21,Embedding_Only,0.8,0.0095,1.0,0.0189,1.074
ADAS,ADAS_M21_01,M21,Hybrid_AURA_Routed,0.8,0.4,1.0,0.5714,0.772
ADAS,ADAS_M22_01,M22,Graph_Only,0.8,0.3619,1.0,0.5315,0.232
ADAS,ADAS_M22_01,M22,Embedding_Only,0.8,0.0095,1.0,0.0189,1.046
ADAS,ADAS_M22_01,M22,Hybrid_AURA_Routed,0.8,0.4,1.0,0.5714,0.705
ADAS,ADAS_M23_01,M23,Graph_Only,0.8,0.2315,0.7143,0.3497,0.3
ADAS,ADAS_M23_01,M23,Embedding_Only,0.8,0.0093,1.0,0.0183,1.033
ADAS,ADAS_M23_01,M23,Hybrid_AURA_Routed,0.8,0.3241,0.7778,0.4575,1.607
ADAS,ADAS_M24_01,M24,Graph_Only,0.8,1.0,0.0,0.0,0.236
ADAS,ADAS_M24_01,M24,Embedding_Only,0.8,1.0,0.0,0.0,0.963
ADAS,ADAS_M24_01,M24,Hybrid_AURA_Routed,0.8,1.0,1.0,1.0,0.014
ADAS,ADAS_M25_01,M25,Graph_Only,0.8,1.0,0.0,0.0,0.19
ADAS,ADAS_M25_01,M25,Embedding_Only,0.8,1.0,0.0,0.0,0.918
ADAS,ADAS_M25_01,M25,Hybrid_AURA_Routed,0.8,1.0,1.0,1.0,0.014
ADAS,ADAS_M01_02,M01,Graph_Only,0.8,0.2037,0.6875,0.3143,0.166
ADAS,ADAS_M01_02,M01,Embedding_Only,0.8,0.0093,1.0,0.0183,2.047
ADAS,ADAS_M01_02,M01,Hybrid_AURA_Routed,0.8,0.2685,0.7436,0.3946,1.834
ADAS,ADAS_M02_02,M02,Graph_Only,0.8,0.2315,0.7143,0.3497,0.211
ADAS,ADAS_M02_02,M02,Embedding_Only,0.8,0.0093,1.0,0.0183,1.186
ADAS,ADAS_M02_02,M02,Hybrid_AURA_Routed,0.8,0.3241,0.7778,0.4575,1.882
ADAS,ADAS_M03_02,M03,Graph_Only,0.8,0.1759,0.6552,0.2774,0.153
ADAS,ADAS_M03_02,M03,Embedding_Only,0.8,0.0093,1.0,0.0183,0.961
ADAS,ADAS_M03_02,M03,Hybrid_AURA_Routed,0.8,0.2593,0.7368,0.3836,1.788
ADAS,ADAS_M04_02,M04,Graph_Only,0.8,0.2315,0.7143,0.3497,0.221
ADAS,ADAS_M04_02,M04,Embedding_Only,0.8,0.0093,1.0,0.0183,0.986
ADAS,ADAS_M04_02,M04,Hybrid_AURA_Routed,0.8,0.3241,0.7778,0.4575,1.675
ADAS,ADAS_M05_02,M05,Graph_Only,0.8,0.2315,0.7143,0.3497,0.196
ADAS,ADAS_M05_02,M05,Embedding_Only,0.8,0.0093,1.0,0.0183,1.072
ADAS,ADAS_M05_02,M05,Hybrid_AURA_Routed,0.8,0.3241,0.7778,0.4575,1.632
ADAS,ADAS_M06_02,M06,Graph_Only,0.8,1.0,1.0,1.0,0.008
ADAS,ADAS_M06_02,M06,Embedding_Only,0.8,1.0,0.0,0.0,1.466
ADAS,ADAS_M06_02,M06,Hybrid_AURA_Routed,0.8,1.0,1.0,1.0,0.02
ADAS,ADAS_M07_02,M07,Graph_Only,0.8,1.0,1.0,1.0,0.009
ADAS,ADAS_M07_02,M07,Embedding_Only,0.8,1.0,0.0,0.0,0.873
ADAS,ADAS_M07_02,M07,Hybrid_AURA_Routed,0.8,1.0,1.0,1.0,0.02
ADAS,ADAS_M08_02,M08,Graph_Only,0.8,1.0,1.0,1.0,0.004
ADAS,ADAS_M08_02,M08,Embedding_Only,0.8,1.0,0.0,0.0,1.065
ADAS,ADAS_M08_02,M08,Hybrid_AURA_Routed,0.8,1.0,1.0,1.0,0.021
ADAS,ADAS_M09_02,M09,Graph_Only,0.8,1.0,1.0,1.0,0.004
ADAS,ADAS_M09_02,M09,Embedding_Only,0.8,1.0,0.0,0.0,0.936
ADAS,ADAS_M09_02,M09,Hybrid_AURA_Routed,0.8,1.0,1.0,1.0,0.016
ADAS,ADAS_M10_02,M10,Graph_Only,0.8,0.3619,1.0,0.5315,0.259
ADAS,ADAS_M10_02,M10,Embedding_Only,0.8,0.0095,1.0,0.0189,0.92
ADAS,ADAS_M10_02,M10,Hybrid_AURA_Routed,0.8,0.4,1.0,0.5714,0.759
ADAS,ADAS_M11_02,M11,Graph_Only,0.8,0.3619,1.0,0.5315,0.225
ADAS,ADAS_M11_02,M11,Embedding_Only,0.8,0.0095,1.0,0.0189,1.12
ADAS,ADAS_M11_02,M11,Hybrid_AURA_Routed,0.8,0.4,1.0,0.5714,1.44
ADAS,ADAS_M12_02,M12,Graph_Only,0.8,0.3619,1.0,0.5315,0.246
ADAS,ADAS_M12_02,M12,Embedding_Only,0.8,0.0095,1.0,0.0189,1.091
ADAS,ADAS_M12_02,M12,Hybrid_AURA_Routed,0.8,0.4,1.0,0.5714,0.937
ADAS,ADAS_M13_02,M13,Graph_Only,0.8,0.3619,1.0,0.5315,0.175
ADAS,ADAS_M13_02,M13,Embedding_Only,0.8,0.0095,1.0,0.0189,1.028
ADAS,ADAS_M13_02,M13,Hybrid_AURA_Routed,0.8,0.4,1.0,0.5714,0.722
ADAS,ADAS_M14_02,M14,Graph_Only,0.8,0.3909,0.6825,0.4971,0.354
ADAS,ADAS_M14_02,M14,Embedding_Only,0.8,0.0091,1.0,0.018,0.958
ADAS,ADAS_M14_02,M14,Hybrid_AURA_Routed,0.8,0.4727,0.7222,0.5714,1.13
ADAS,ADAS_M15_02,M15,Graph_Only,0.8,1.0,0.0,0.0,0.429
ADAS,ADAS_M15_02,M15,Embedding_Only,0.8,1.0,0.0,0.0,0.758
ADAS,ADAS_M15_02,M15,Hybrid_AURA_Routed,0.8,1.0,1.0,1.0,0.01
ADAS,ADAS_M16_02,M16,Graph_Only,0.8,0.3429,1.0,0.5106,0.262
ADAS,ADAS_M16_02,M16,Embedding_Only,0.8,0.0095,1.0,0.0189,1.076
ADAS,ADAS_M16_02,M16,Hybrid_AURA_Routed,0.8,0.4,1.0,0.5714,0.704
ADAS,ADAS_M17_02,M17,Graph_Only,0.8,0.2315,0.7143,0.3497,0.188
ADAS,ADAS_M17_02,M17,Embedding_Only,0.8,0.0093,1.0,0.0183,0.944
ADAS,ADAS_M17_02,M17,Hybrid_AURA_Routed,0.8,0.3241,0.7778,0.4575,0.705
ADAS,ADAS_M18_02,M18,Graph_Only,0.8,0.2315,0.7143,0.3497,0.173
ADAS,ADAS_M18_02,M18,Embedding_Only,0.8,0.0093,1.0,0.0183,0.933
ADAS,ADAS_M18_02,M18,Hybrid_AURA_Routed,0.8,0.3241,0.7778,0.4575,1.607
ADAS,ADAS_M19_02,M19,Graph_Only,0.8,1.0,0.0286,0.0556,0.185
ADAS,ADAS_M19_02,M19,Embedding_Only,0.8,1.0,1.0,1.0,0.967
ADAS,ADAS_M19_02,M19,Hybrid_AURA_Routed,0.8,1.0,0.0238,0.0465,1.522
ADAS,ADAS_M20_02,M20,Graph_Only,0.8,0.3619,1.0,0.5315,0.235
ADAS,ADAS_M20_02,M20,Embedding_Only,0.8,0.0095,1.0,0.0189,0.825
ADAS,ADAS_M20_02,M20,Hybrid_AURA_Routed,0.8,0.4,1.0,0.5714,1.561
ADAS,ADAS_M21_02,M21,Graph_Only,0.8,0.3619,1.0,0.5315,0.236
ADAS,ADAS_M21_02,M21,Embedding_Only,0.8,0.0095,1.0,0.0189,2.154
ADAS,ADAS_M21_02,M21,Hybrid_AURA_Routed,0.8,0.4,1.0,0.5714,0.303
ADAS,ADAS_M22_02,M22,Graph_Only,0.8,0.3143,1.0,0.4783,0.079
ADAS,ADAS_M22_02,M22,Embedding_Only,0.8,0.0095,1.0,0.0189,0.582
ADAS,ADAS_M22_02,M22,Hybrid_AURA_Routed,0.8,0.3619,1.0,0.5315,0.614
ADAS,ADAS_M23_02,M23,Graph_Only,0.8,0.2315,0.7143,0.3497,0.19
ADAS,ADAS_M23_02,M23,Embedding_Only,0.8,0.0093,1.0,0.0183,1.094
ADAS,ADAS_M23_02,M23,Hybrid_AURA_Routed,0.8,0.3241,0.7778,0.4575,1.862
ADAS,ADAS_M24_02,M24,Graph_Only,0.8,1.0,0.0,0.0,0.256
ADAS,ADAS_M24_02,M24,Embedding_Only,0.8,1.0,0.0,0.0,1.03
ADAS,ADAS_M24_02,M24,Hybrid_AURA_Routed,0.8,1.0,1.0,1.0,0.014
ADAS,ADAS_M25_02,M25,Graph_Only,0.8,1.0,0.0,0.0,0.202
ADAS,ADAS_M25_02,M25,Embedding_Only,0.8,1.0,0.0,0.0,1.036
ADAS,ADAS_M25_02,M25,Hybrid_AURA_Routed,0.8,1.0,1.0,1.0,0.005
POWERTRAIN,POWERTRAIN_M01_01,M01,Graph_Only,0.8,0.1333,0.6667,0.2222,0.16
POWERTRAIN,POWERTRAIN_M01_01,M01,Embedding_Only,0.8,0.0133,1.0,0.0263,1.131
POWERTRAIN,POWERTRAIN_M01_01,M01,Hybrid_AURA_Routed,0.8,0.16,0.7059,0.2609,1.309
POWERTRAIN,POWERTRAIN_M02_01,M02,Graph_Only,0.8,0.1282,0.6667,0.2151,0.106
POWERTRAIN,POWERTRAIN_M02_01,M02,Embedding_Only,0.8,0.0128,1.0,0.0253,1.022
POWERTRAIN,POWERTRAIN_M02_01,M02,Hybrid_AURA_Routed,0.8,0.1538,0.7059,0.2526,1.372
POWERTRAIN,POWERTRAIN_M03_01,M03,Graph_Only,0.8,0.2083,0.6667,0.3175,0.11
POWERTRAIN,POWERTRAIN_M03_01,M03,Embedding_Only,0.8,0.0208,1.0,0.0408,1.039
POWERTRAIN,POWERTRAIN_M03_01,M03,Hybrid_AURA_Routed,0.8,0.25,0.7059,0.3692,1.446
POWERTRAIN,POWERTRAIN_M04_01,M04,Graph_Only,0.8,0.1087,0.6667,0.1869,0.107
POWERTRAIN,POWERTRAIN_M04_01,M04,Embedding_Only,0.8,0.0109,1.0,0.0215,0.874
POWERTRAIN,POWERTRAIN_M04_01,M04,Hybrid_AURA_Routed,0.8,0.1304,0.7059,0.2202,1.109
POWERTRAIN,POWERTRAIN_M05_01,M05,Graph_Only,0.8,0.2083,0.6667,0.3175,0.122
POWERTRAIN,POWERTRAIN_M05_01,M05,Embedding_Only,0.8,0.0208,1.0,0.0408,0.944
POWERTRAIN,POWERTRAIN_M05_01,M05,Hybrid_AURA_Routed,0.8,0.25,0.7059,0.3692,1.439
POWERTRAIN,POWERTRAIN_M06_01,M06,Graph_Only,0.8,1.0,1.0,1.0,0.007
POWERTRAIN,POWERTRAIN_M06_01,M06,Embedding_Only,0.8,1.0,0.0,0.0,1.105
POWERTRAIN,POWERTRAIN_M06_01,M06,Hybrid_AURA_Routed,0.8,1.0,1.0,1.0,0.02
POWERTRAIN,POWERTRAIN_M07_01,M07,Graph_Only,0.8,1.0,1.0,1.0,0.004
POWERTRAIN,POWERTRAIN_M07_01,M07,Embedding_Only,0.8,1.0,0.0,0.0,0.915
POWERTRAIN,POWERTRAIN_M07_01,M07,Hybrid_AURA_Routed,0.8,1.0,1.0,1.0,0.019
POWERTRAIN,POWERTRAIN_M08_01,M08,Graph_Only,0.8,1.0,1.0,1.0,0.004
POWERTRAIN,POWERTRAIN_M08_01,M08,Embedding_Only,0.8,1.0,0.0,0.0,0.85
POWERTRAIN,POWERTRAIN_M08_01,M08,Hybrid_AURA_Routed,0.8,1.0,1.0,1.0,0.017
POWERTRAIN,POWERTRAIN_M09_01,M09,Graph_Only,0.8,1.0,1.0,1.0,0.004
POWERTRAIN,POWERTRAIN_M09_01,M09,Embedding_Only,0.8,1.0,0.0,0.0,0.795
POWERTRAIN,POWERTRAIN_M09_01,M09,Hybrid_AURA_Routed,0.8,1.0,1.0,1.0,0.02
POWERTRAIN,POWERTRAIN_M10_01,M10,Graph_Only,0.8,0.2444,1.0,0.3929,0.083
POWERTRAIN,POWERTRAIN_M10_01,M10,Embedding_Only,0.8,0.0222,1.0,0.0435,0.856
POWERTRAIN,POWERTRAIN_M10_01,M10,Hybrid_AURA_Routed,0.8,0.2667,1.0,0.4211,0.221
POWERTRAIN,POWERTRAIN_M11_01,M11,Graph_Only,0.8,0.1594,1.0,0.275,0.068
POWERTRAIN,POWERTRAIN_M11_01,M11,Embedding_Only,0.8,0.0145,1.0,0.0286,0.845
POWERTRAIN,POWERTRAIN_M11_01,M11,Hybrid_AURA_Routed,0.8,0.1739,1.0,0.2963,0.22
POWERTRAIN,POWERTRAIN_M12_01,M12,Graph_Only,0.8,0.1507,1.0,0.2619,0.061
POWERTRAIN,POWERTRAIN_M12_01,M12,Embedding_Only,0.8,0.0137,1.0,0.027,0.807
POWERTRAIN,POWERTRAIN_M12_01,M12,Hybrid_AURA_Routed,0.8,0.1644,1.0,0.2824,0.387
POWERTRAIN,POWERTRAIN_M13_01,M13,Graph_Only,0.8,0.1692,1.0,0.2895,0.069
POWERTRAIN,POWERTRAIN_M13_01,M13,Embedding_Only,0.8,0.0154,1.0,0.0303,2.762
POWERTRAIN,POWERTRAIN_M13_01,M13,Hybrid_AURA_Routed,0.8,0.1846,1.0,0.3117,0.266
POWERTRAIN,POWERTRAIN_M14_01,M14,Graph_Only,0.8,0.1714,0.7059,0.2759,0.107
POWERTRAIN,POWERTRAIN_M14_01,M14,Embedding_Only,0.8,0.0143,1.0,0.0282,1.098
POWERTRAIN,POWERTRAIN_M14_01,M14,Hybrid_AURA_Routed,0.8,0.2,0.7368,0.3146,0.333
POWERTRAIN,POWERTRAIN_M15_01,M15,Graph_Only,0.8,1.0,0.0,0.0,0.069
POWERTRAIN,POWERTRAIN_M15_01,M15,Embedding_Only,0.8,1.0,0.0,0.0,0.935
POWERTRAIN,POWERTRAIN_M15_01,M15,Hybrid_AURA_Routed,0.8,1.0,1.0,1.0,0.014
POWERTRAIN,POWERTRAIN_M16_01,M16,Graph_Only,0.8,0.1222,1.0,0.2178,0.072
POWERTRAIN,POWERTRAIN_M16_01,M16,Embedding_Only,0.8,0.0111,1.0,0.022,0.859
POWERTRAIN,POWERTRAIN_M16_01,M16,Hybrid_AURA_Routed,0.8,0.1333,1.0,0.2353,0.231
POWERTRAIN,POWERTRAIN_M17_01,M17,Graph_Only,0.8,0.2083,0.6667,0.3175,0.085
POWERTRAIN,POWERTRAIN_M17_01,M17,Embedding_Only,0.8,0.0208,1.0,0.0408,0.883
POWERTRAIN,POWERTRAIN_M17_01,M17,Hybrid_AURA_Routed,0.8,0.25,0.7059,0.3692,0.281
POWERTRAIN,POWERTRAIN_M18_01,M18,Graph_Only,0.8,0.1124,0.6667,0.1923,0.086
POWERTRAIN,POWERTRAIN_M18_01,M18,Embedding_Only,0.8,0.0112,1.0,0.0222,0.883
POWERTRAIN,POWERTRAIN_M18_01,M18,Hybrid_AURA_Routed,0.8,0.1348,0.7059,0.2264,1.168
POWERTRAIN,POWERTRAIN_M19_01,M19,Graph_Only,0.8,1.0,0.0667,0.125,0.113
POWERTRAIN,POWERTRAIN_M19_01,M19,Embedding_Only,0.8,1.0,1.0,1.0,0.833
POWERTRAIN,POWERTRAIN_M19_01,M19,Hybrid_AURA_Routed,0.8,1.0,0.0588,0.1111,1.077
POWERTRAIN,POWERTRAIN_M20_01,M20,Graph_Only,0.8,0.1692,1.0,0.2895,0.066
POWERTRAIN,POWERTRAIN_M20_01,M20,Embedding_Only,0.8,0.0154,1.0,0.0303,0.774
POWERTRAIN,POWERTRAIN_M20_01,M20,Hybrid_AURA_Routed,0.8,0.1846,1.0,0.3117,1.066
POWERTRAIN,POWERTRAIN_M21_01,M21,Graph_Only,0.8,0.2444,1.0,0.3929,0.069
POWERTRAIN,POWERTRAIN_M21_01,M21,Embedding_Only,0.8,0.0222,1.0,0.0435,0.79
POWERTRAIN,POWERTRAIN_M21_01,M21,Hybrid_AURA_Routed,0.8,0.2667,1.0,0.4211,0.211
POWERTRAIN,POWERTRAIN_M22_01,M22,Graph_Only,0.8,0.2444,1.0,0.3929,0.062
POWERTRAIN,POWERTRAIN_M22_01,M22,Embedding_Only,0.8,0.0222,1.0,0.0435,0.802
POWERTRAIN,POWERTRAIN_M22_01,M22,Hybrid_AURA_Routed,0.8,0.2667,1.0,0.4211,1.265
POWERTRAIN,POWERTRAIN_M23_01,M23,Graph_Only,0.8,0.1266,0.6667,0.2128,0.286
POWERTRAIN,POWERTRAIN_M23_01,M23,Embedding_Only,0.8,0.0127,1.0,0.025,1.129
POWERTRAIN,POWERTRAIN_M23_01,M23,Hybrid_AURA_Routed,0.8,0.1519,0.7059,0.25,1.196
POWERTRAIN,POWERTRAIN_M24_01,M24,Graph_Only,0.8,1.0,0.0,0.0,0.071
POWERTRAIN,POWERTRAIN_M24_01,M24,Embedding_Only,0.8,1.0,0.0,0.0,0.827
POWERTRAIN,POWERTRAIN_M24_01,M24,Hybrid_AURA_Routed,0.8,1.0,1.0,1.0,0.014
POWERTRAIN,POWERTRAIN_M25_01,M25,Graph_Only,0.8,1.0,0.0,0.0,0.1
POWERTRAIN,POWERTRAIN_M25_01,M25,Embedding_Only,0.8,1.0,0.0,0.0,1.111
POWERTRAIN,POWERTRAIN_M25_01,M25,Hybrid_AURA_Routed,0.8,1.0,1.0,1.0,0.016
POWERTRAIN,POWERTRAIN_M01_02,M01,Graph_Only,0.8,0.2083,0.6667,0.3175,0.106
POWERTRAIN,POWERTRAIN_M01_02,M01,Embedding_Only,0.8,0.0208,1.0,0.0408,0.969
POWERTRAIN,POWERTRAIN_M01_02,M01,Hybrid_AURA_Routed,0.8,0.25,0.7059,0.3692,1.216
POWERTRAIN,POWERTRAIN_M02_02,M02,Graph_Only,0.8,0.2083,0.6667,0.3175,0.096
POWERTRAIN,POWERTRAIN_M02_02,M02,Embedding_Only,0.8,0.0208,1.0,0.0408,1.042
POWERTRAIN,POWERTRAIN_M02_02,M02,Hybrid_AURA_Routed,0.8,0.25,0.7059,0.3692,1.465
POWERTRAIN,POWERTRAIN_M03_02,M03,Graph_Only,0.8,0.1149,0.6667,0.1961,0.107
POWERTRAIN,POWERTRAIN_M03_02,M03,Embedding_Only,0.8,0.0115,1.0,0.0227,1.059
POWERTRAIN,POWERTRAIN_M03_02,M03,Hybrid_AURA_Routed,0.8,0.1379,0.7059,0.2308,1.232
POWERTRAIN,POWERTRAIN_M04_02,M04,Graph_Only,0.8,0.2083,0.6667,0.3175,0.098
POWERTRAIN,POWERTRAIN_M04_02,M04,Embedding_Only,0.8,0.0208,1.0,0.0408,0.881
POWERTRAIN,POWERTRAIN_M04_02,M04,Hybrid_AURA_Routed,0.8,0.25,0.7059,0.3692,1.131
POWERTRAIN,POWERTRAIN_M05_02,M05,Graph_Only,0.8,0.1099,0.6667,0.1887,0.515
POWERTRAIN,POWERTRAIN_M05_02,M05,Embedding_Only,0.8,0.011,1.0,0.0217,1.08
POWERTRAIN,POWERTRAIN_M05_02,M05,Hybrid_AURA_Routed,0.8,0.1319,0.7059,0.2222,1.115
POWERTRAIN,POWERTRAIN_M06_02,M06,Graph_Only,0.8,1.0,1.0,1.0,0.005
POWERTRAIN,POWERTRAIN_M06_02,M06,Embedding_Only,0.8,1.0,0.0,0.0,0.887
POWERTRAIN,POWERTRAIN_M06_02,M06,Hybrid_AURA_Routed,0.8,1.0,1.0,1.0,0.017
POWERTRAIN,POWERTRAIN_M07_02,M07,Graph_Only,0.8,1.0,1.0,1.0,0.004
POWERTRAIN,POWERTRAIN_M07_02,M07,Embedding_Only,0.8,1.0,0.0,0.0,1.083
POWERTRAIN,POWERTRAIN_M07_02,M07,Hybrid_AURA_Routed,0.8,1.0,1.0,1.0,0.022
POWERTRAIN,POWERTRAIN_M08_02,M08,Graph_Only,0.8,1.0,1.0,1.0,0.004
POWERTRAIN,POWERTRAIN_M08_02,M08,Embedding_Only,0.8,1.0,0.0,0.0,1.025
POWERTRAIN,POWERTRAIN_M08_02,M08,Hybrid_AURA_Routed,0.8,1.0,1.0,1.0,0.018
POWERTRAIN,POWERTRAIN_M09_02,M09,Graph_Only,0.8,1.0,1.0,1.0,0.004
POWERTRAIN,POWERTRAIN_M09_02,M09,Embedding_Only,0.8,1.0,0.0,0.0,0.875
POWERTRAIN,POWERTRAIN_M09_02,M09,Hybrid_AURA_Routed,0.8,1.0,1.0,1.0,0.018
POWERTRAIN,POWERTRAIN_M10_02,M10,Graph_Only,0.8,0.1964,1.0,0.3284,0.085
POWERTRAIN,POWERTRAIN_M10_02,M10,Embedding_Only,0.8,0.0179,1.0,0.0351,0.828
POWERTRAIN,POWERTRAIN_M10_02,M10,Hybrid_AURA_Routed,0.8,0.2143,1.0,0.3529,0.228
POWERTRAIN,POWERTRAIN_M11_02,M11,Graph_Only,0.8,0.2444,1.0,0.3929,0.063
POWERTRAIN,POWERTRAIN_M11_02,M11,Embedding_Only,0.8,0.0222,1.0,0.0435,1.087
POWERTRAIN,POWERTRAIN_M11_02,M11,Hybrid_AURA_Routed,0.8,0.2667,1.0,0.4211,0.237
POWERTRAIN,POWERTRAIN_M12_02,M12,Graph_Only,0.8,0.2444,1.0,0.3929,0.071
POWERTRAIN,POWERTRAIN_M12_02,M12,Embedding_Only,0.8,0.0222,1.0,0.0435,0.913
POWERTRAIN,POWERTRAIN_M12_02,M12,Hybrid_AURA_Routed,0.8,0.2667,1.0,0.4211,0.22
POWERTRAIN,POWERTRAIN_M13_02,M13,Graph_Only,0.8,0.2444,1.0,0.3929,0.063
POWERTRAIN,POWERTRAIN_M13_02,M13,Embedding_Only,0.8,0.0222,1.0,0.0435,0.798
POWERTRAIN,POWERTRAIN_M13_02,M13,Hybrid_AURA_Routed,0.8,0.2667,1.0,0.4211,0.239
POWERTRAIN,POWERTRAIN_M14_02,M14,Graph_Only,0.8,0.1481,0.7059,0.2449,0.103
POWERTRAIN,POWERTRAIN_M14_02,M14,Embedding_Only,0.8,0.0123,1.0,0.0244,0.848
POWERTRAIN,POWERTRAIN_M14_02,M14,Hybrid_AURA_Routed,0.8,0.1728,0.7368,0.28,0.315
POWERTRAIN,POWERTRAIN_M15_02,M15,Graph_Only,0.8,1.0,0.0,0.0,0.062
POWERTRAIN,POWERTRAIN_M15_02,M15,Embedding_Only,0.8,1.0,0.0,0.0,0.917
POWERTRAIN,POWERTRAIN_M15_02,M15,Hybrid_AURA_Routed,0.8,1.0,1.0,1.0,0.013
POWERTRAIN,POWERTRAIN_M16_02,M16,Graph_Only,0.8,0.2075,1.0,0.3438,0.072
POWERTRAIN,POWERTRAIN_M16_02,M16,Embedding_Only,0.8,0.0189,1.0,0.037,0.809
POWERTRAIN,POWERTRAIN_M16_02,M16,Hybrid_AURA_Routed,0.8,0.2453,1.0,0.3939,0.217
POWERTRAIN,POWERTRAIN_M17_02,M17,Graph_Only,0.8,0.2083,0.6667,0.3175,0.691
POWERTRAIN,POWERTRAIN_M17_02,M17,Embedding_Only,0.8,0.0208,1.0,0.0408,1.947
POWERTRAIN,POWERTRAIN_M17_02,M17,Hybrid_AURA_Routed,0.8,0.25,0.7059,0.3692,0.307
POWERTRAIN,POWERTRAIN_M18_02,M18,Graph_Only,0.8,0.122,0.6667,0.2062,0.094
POWERTRAIN,POWERTRAIN_M18_02,M18,Embedding_Only,0.8,0.0122,1.0,0.0241,0.984
POWERTRAIN,POWERTRAIN_M18_02,M18,Hybrid_AURA_Routed,0.8,0.1463,0.7059,0.2424,1.191
POWERTRAIN,POWERTRAIN_M19_02,M19,Graph_Only,0.8,1.0,0.0667,0.125,0.094
POWERTRAIN,POWERTRAIN_M19_02,M19,Embedding_Only,0.8,1.0,1.0,1.0,0.866
POWERTRAIN,POWERTRAIN_M19_02,M19,Hybrid_AURA_Routed,0.8,1.0,0.0588,0.1111,1.105
POWERTRAIN,POWERTRAIN_M20_02,M20,Graph_Only,0.8,0.2444,1.0,0.3929,0.068
POWERTRAIN,POWERTRAIN_M20_02,M20,Embedding_Only,0.8,0.0222,1.0,0.0435,1.057
POWERTRAIN,POWERTRAIN_M20_02,M20,Hybrid_AURA_Routed,0.8,0.2667,1.0,0.4211,1.176
POWERTRAIN,POWERTRAIN_M21_02,M21,Graph_Only,0.8,0.125,1.0,0.2222,0.072
POWERTRAIN,POWERTRAIN_M21_02,M21,Embedding_Only,0.8,0.0114,1.0,0.0225,0.846
POWERTRAIN,POWERTRAIN_M21_02,M21,Hybrid_AURA_Routed,0.8,0.1364,1.0,0.24,0.212
POWERTRAIN,POWERTRAIN_M22_02,M22,Graph_Only,0.8,0.2444,1.0,0.3929,0.063
POWERTRAIN,POWERTRAIN_M22_02,M22,Embedding_Only,0.8,0.0222,1.0,0.0435,0.853
POWERTRAIN,POWERTRAIN_M22_02,M22,Hybrid_AURA_Routed,0.8,0.2667,1.0,0.4211,0.216
POWERTRAIN,POWERTRAIN_M23_02,M23,Graph_Only,0.8,0.2083,0.6667,0.3175,0.088
POWERTRAIN,POWERTRAIN_M23_02,M23,Embedding_Only,0.8,0.0208,1.0,0.0408,0.854
POWERTRAIN,POWERTRAIN_M23_02,M23,Hybrid_AURA_Routed,0.8,0.25,0.7059,0.3692,1.142
POWERTRAIN,POWERTRAIN_M24_02,M24,Graph_Only,0.8,1.0,0.0,0.0,0.069
POWERTRAIN,POWERTRAIN_M24_02,M24,Embedding_Only,0.8,1.0,0.0,0.0,0.77
POWERTRAIN,POWERTRAIN_M24_02,M24,Hybrid_AURA_Routed,0.8,1.0,1.0,1.0,0.014
POWERTRAIN,POWERTRAIN_M25_02,M25,Graph_Only,0.8,1.0,0.0,0.0,0.126
POWERTRAIN,POWERTRAIN_M25_02,M25,Embedding_Only,0.8,1.0,0.0,0.0,2.284
POWERTRAIN,POWERTRAIN_M25_02,M25,Hybrid_AURA_Routed,0.8,1.0,1.0,1.0,0.022
BATTERY_EV,BATTERY_EV_M01_01,M01,Graph_Only,0.8,0.1087,0.6667,0.1869,0.122
BATTERY_EV,BATTERY_EV_M01_01,M01,Embedding_Only,0.8,0.0109,1.0,0.0215,0.849
BATTERY_EV,BATTERY_EV_M01_01,M01,Hybrid_AURA_Routed,0.8,0.1304,0.7059,0.2202,1.161
BATTERY_EV,BATTERY_EV_M02_01,M02,Graph_Only,0.8,0.1087,0.6667,0.1869,0.101
BATTERY_EV,BATTERY_EV_M02_01,M02,Embedding_Only,0.8,0.0109,1.0,0.0215,1.1
BATTERY_EV,BATTERY_EV_M02_01,M02,Hybrid_AURA_Routed,0.8,0.1304,0.7059,0.2202,1.4
BATTERY_EV,BATTERY_EV_M03_01,M03,Graph_Only,0.8,0.1087,0.6667,0.1869,0.101
BATTERY_EV,BATTERY_EV_M03_01,M03,Embedding_Only,0.8,0.0109,1.0,0.0215,0.903
BATTERY_EV,BATTERY_EV_M03_01,M03,Hybrid_AURA_Routed,0.8,0.1304,0.7059,0.2202,1.663
BATTERY_EV,BATTERY_EV_M04_01,M04,Graph_Only,0.8,0.1087,0.6667,0.1869,0.113
BATTERY_EV,BATTERY_EV_M04_01,M04,Embedding_Only,0.8,0.0109,1.0,0.0215,0.893
BATTERY_EV,BATTERY_EV_M04_01,M04,Hybrid_AURA_Routed,0.8,0.1304,0.7059,0.2202,0.479
BATTERY_EV,BATTERY_EV_M05_01,M05,Graph_Only,0.8,0.1087,0.6667,0.1869,0.041
BATTERY_EV,BATTERY_EV_M05_01,M05,Embedding_Only,0.8,0.0109,1.0,0.0215,1.473
BATTERY_EV,BATTERY_EV_M05_01,M05,Hybrid_AURA_Routed,0.8,0.1304,0.7059,0.2202,0.801
BATTERY_EV,BATTERY_EV_M06_01,M06,Graph_Only,0.8,1.0,1.0,1.0,0.002
BATTERY_EV,BATTERY_EV_M06_01,M06,Embedding_Only,0.8,1.0,0.0,0.0,0.435
BATTERY_EV,BATTERY_EV_M06_01,M06,Hybrid_AURA_Routed,0.8,1.0,1.0,1.0,0.008
BATTERY_EV,BATTERY_EV_M07_01,M07,Graph_Only,0.8,1.0,1.0,1.0,0.002
BATTERY_EV,BATTERY_EV_M07_01,M07,Embedding_Only,0.8,1.0,0.0,0.0,0.292
BATTERY_EV,BATTERY_EV_M07_01,M07,Hybrid_AURA_Routed,0.8,1.0,1.0,1.0,0.006
BATTERY_EV,BATTERY_EV_M08_01,M08,Graph_Only,0.8,1.0,1.0,1.0,0.001
BATTERY_EV,BATTERY_EV_M08_01,M08,Embedding_Only,0.8,1.0,0.0,0.0,0.33
BATTERY_EV,BATTERY_EV_M08_01,M08,Hybrid_AURA_Routed,0.8,1.0,1.0,1.0,0.007
BATTERY_EV,BATTERY_EV_M09_01,M09,Graph_Only,0.8,1.0,1.0,1.0,0.001
BATTERY_EV,BATTERY_EV_M09_01,M09,Embedding_Only,0.8,1.0,0.0,0.0,0.362
BATTERY_EV,BATTERY_EV_M09_01,M09,Hybrid_AURA_Routed,0.8,1.0,1.0,1.0,0.006
BATTERY_EV,BATTERY_EV_M10_01,M10,Graph_Only,0.8,0.1236,1.0,0.22,0.032
BATTERY_EV,BATTERY_EV_M10_01,M10,Embedding_Only,0.8,0.0112,1.0,0.0222,0.431
BATTERY_EV,BATTERY_EV_M10_01,M10,Hybrid_AURA_Routed,0.8,0.1461,1.0,0.2549,0.081
BATTERY_EV,BATTERY_EV_M11_01,M11,Graph_Only,0.8,0.1236,1.0,0.22,0.019
BATTERY_EV,BATTERY_EV_M11_01,M11,Embedding_Only,0.8,0.0112,1.0,0.0222,0.308
BATTERY_EV,BATTERY_EV_M11_01,M11,Hybrid_AURA_Routed,0.8,0.1461,1.0,0.2549,0.078
BATTERY_EV,BATTERY_EV_M12_01,M12,Graph_Only,0.8,0.1236,1.0,0.22,0.024
BATTERY_EV,BATTERY_EV_M12_01,M12,Embedding_Only,0.8,0.0112,1.0,0.0222,0.606
BATTERY_EV,BATTERY_EV_M12_01,M12,Hybrid_AURA_Routed,0.8,0.1461,1.0,0.2549,0.228
BATTERY_EV,BATTERY_EV_M13_01,M13,Graph_Only,0.8,0.1236,1.0,0.22,0.059
BATTERY_EV,BATTERY_EV_M13_01,M13,Embedding_Only,0.8,0.0112,1.0,0.0222,0.824
BATTERY_EV,BATTERY_EV_M13_01,M13,Hybrid_AURA_Routed,0.8,0.1461,1.0,0.2549,0.233
BATTERY_EV,BATTERY_EV_M14_01,M14,Graph_Only,0.8,0.1915,0.6429,0.2951,0.174
BATTERY_EV,BATTERY_EV_M14_01,M14,Embedding_Only,0.8,0.0106,1.0,0.0211,0.932
BATTERY_EV,BATTERY_EV_M14_01,M14,Hybrid_AURA_Routed,0.8,0.2234,0.6774,0.336,0.484
BATTERY_EV,BATTERY_EV_M15_01,M15,Graph_Only,0.8,1.0,0.0,0.0,0.058
BATTERY_EV,BATTERY_EV_M15_01,M15,Embedding_Only,0.8,1.0,0.0,0.0,0.837
BATTERY_EV,BATTERY_EV_M15_01,M15,Hybrid_AURA_Routed,0.8,1.0,1.0,1.0,0.015
BATTERY_EV,BATTERY_EV_M16_01,M16,Graph_Only,0.8,0.1236,1.0,0.22,0.074
BATTERY_EV,BATTERY_EV_M16_01,M16,Embedding_Only,0.8,0.0112,1.0,0.0222,0.613
BATTERY_EV,BATTERY_EV_M16_01,M16,Hybrid_AURA_Routed,0.8,0.1461,1.0,0.2549,0.086
BATTERY_EV,BATTERY_EV_M17_01,M17,Graph_Only,0.8,0.1087,0.6667,0.1869,0.035
BATTERY_EV,BATTERY_EV_M17_01,M17,Embedding_Only,0.8,0.0109,1.0,0.0215,2.572
BATTERY_EV,BATTERY_EV_M17_01,M17,Hybrid_AURA_Routed,0.8,0.1304,0.7059,0.2202,0.545
BATTERY_EV,BATTERY_EV_M18_01,M18,Graph_Only,0.8,0.1087,0.6667,0.1869,0.11
BATTERY_EV,BATTERY_EV_M18_01,M18,Embedding_Only,0.8,0.0109,1.0,0.0215,1.069
BATTERY_EV,BATTERY_EV_M18_01,M18,Hybrid_AURA_Routed,0.8,0.1304,0.7059,0.2202,1.221
BATTERY_EV,BATTERY_EV_M19_01,M19,Graph_Only,0.8,1.0,0.0667,0.125,0.123
BATTERY_EV,BATTERY_EV_M19_01,M19,Embedding_Only,0.8,1.0,1.0,1.0,5.4
BATTERY_EV,BATTERY_EV_M19_01,M19,Hybrid_AURA_Routed,0.8,1.0,0.0588,0.1111,2.154
BATTERY_EV,BATTERY_EV_M20_01,M20,Graph_Only,0.8,0.1222,1.0,0.2178,0.081
BATTERY_EV,BATTERY_EV_M20_01,M20,Embedding_Only,0.8,0.0111,1.0,0.022,1.457
BATTERY_EV,BATTERY_EV_M20_01,M20,Hybrid_AURA_Routed,0.8,0.1444,1.0,0.2524,1.226
BATTERY_EV,BATTERY_EV_M21_01,M21,Graph_Only,0.8,0.1236,1.0,0.22,0.074
BATTERY_EV,BATTERY_EV_M21_01,M21,Embedding_Only,0.8,0.0112,1.0,0.0222,0.882
BATTERY_EV,BATTERY_EV_M21_01,M21,Hybrid_AURA_Routed,0.8,0.1461,1.0,0.2549,0.228
BATTERY_EV,BATTERY_EV_M22_01,M22,Graph_Only,0.8,0.1236,1.0,0.22,0.062
BATTERY_EV,BATTERY_EV_M22_01,M22,Embedding_Only,0.8,0.0112,1.0,0.0222,0.884
BATTERY_EV,BATTERY_EV_M22_01,M22,Hybrid_AURA_Routed,0.8,0.1461,1.0,0.2549,0.222
BATTERY_EV,BATTERY_EV_M23_01,M23,Graph_Only,0.8,0.1087,0.6667,0.1869,0.099
BATTERY_EV,BATTERY_EV_M23_01,M23,Embedding_Only,0.8,0.0109,1.0,0.0215,1.028
BATTERY_EV,BATTERY_EV_M23_01,M23,Hybrid_AURA_Routed,0.8,0.1304,0.7059,0.2202,1.136
BATTERY_EV,BATTERY_EV_M24_01,M24,Graph_Only,0.8,1.0,0.0,0.0,0.075
BATTERY_EV,BATTERY_EV_M24_01,M24,Embedding_Only,0.8,1.0,0.0,0.0,92.235
BATTERY_EV,BATTERY_EV_M24_01,M24,Hybrid_AURA_Routed,0.8,1.0,1.0,1.0,0.023
BATTERY_EV,BATTERY_EV_M25_01,M25,Graph_Only,0.8,1.0,0.0,0.0,0.123
BATTERY_EV,BATTERY_EV_M25_01,M25,Embedding_Only,0.8,1.0,0.0,0.0,1.242
BATTERY_EV,BATTERY_EV_M25_01,M25,Hybrid_AURA_Routed,0.8,1.0,1.0,1.0,0.017
BATTERY_EV,BATTERY_EV_M01_02,M01,Graph_Only,0.8,0.1087,0.6667,0.1869,7.118
BATTERY_EV,BATTERY_EV_M01_02,M01,Embedding_Only,0.8,0.0109,1.0,0.0215,1.343
BATTERY_EV,BATTERY_EV_M01_02,M01,Hybrid_AURA_Routed,0.8,0.1304,0.7059,0.2202,5.458
BATTERY_EV,BATTERY_EV_M02_02,M02,Graph_Only,0.8,0.1087,0.6667,0.1869,5.792
BATTERY_EV,BATTERY_EV_M02_02,M02,Embedding_Only,0.8,0.0109,1.0,0.0215,7.497
BATTERY_EV,BATTERY_EV_M02_02,M02,Hybrid_AURA_Routed,0.8,0.1304,0.7059,0.2202,3.034
BATTERY_EV,BATTERY_EV_M03_02,M03,Graph_Only,0.8,0.1087,0.6667,0.1869,0.071
BATTERY_EV,BATTERY_EV_M03_02,M03,Embedding_Only,0.8,0.0109,1.0,0.0215,6.786
BATTERY_EV,BATTERY_EV_M03_02,M03,Hybrid_AURA_Routed,0.8,0.1304,0.7059,0.2202,6.596
BATTERY_EV,BATTERY_EV_M04_02,M04,Graph_Only,0.8,0.1087,0.6667,0.1869,0.06
BATTERY_EV,BATTERY_EV_M04_02,M04,Embedding_Only,0.8,0.0109,1.0,0.0215,0.999
BATTERY_EV,BATTERY_EV_M04_02,M04,Hybrid_AURA_Routed,0.8,0.1304,0.7059,0.2202,1.899
BATTERY_EV,BATTERY_EV_M05_02,M05,Graph_Only,0.8,0.1087,0.6667,0.1869,0.106
BATTERY_EV,BATTERY_EV_M05_02,M05,Embedding_Only,0.8,0.0109,1.0,0.0215,1.089
BATTERY_EV,BATTERY_EV_M05_02,M05,Hybrid_AURA_Routed,0.8,0.1304,0.7059,0.2202,6.503
BATTERY_EV,BATTERY_EV_M06_02,M06,Graph_Only,0.8,1.0,1.0,1.0,0.006
BATTERY_EV,BATTERY_EV_M06_02,M06,Embedding_Only,0.8,1.0,0.0,0.0,1.141
BATTERY_EV,BATTERY_EV_M06_02,M06,Hybrid_AURA_Routed,0.8,1.0,1.0,1.0,0.022
BATTERY_EV,BATTERY_EV_M07_02,M07,Graph_Only,0.8,1.0,1.0,1.0,0.004
BATTERY_EV,BATTERY_EV_M07_02,M07,Embedding_Only,0.8,1.0,0.0,0.0,0.879
BATTERY_EV,BATTERY_EV_M07_02,M07,Hybrid_AURA_Routed,0.8,1.0,1.0,1.0,0.021
BATTERY_EV,BATTERY_EV_M08_02,M08,Graph_Only,0.8,1.0,1.0,1.0,0.004
BATTERY_EV,BATTERY_EV_M08_02,M08,Embedding_Only,0.8,1.0,0.0,0.0,0.967
BATTERY_EV,BATTERY_EV_M08_02,M08,Hybrid_AURA_Routed,0.8,1.0,1.0,1.0,0.017
BATTERY_EV,BATTERY_EV_M09_02,M09,Graph_Only,0.8,1.0,1.0,1.0,0.004
BATTERY_EV,BATTERY_EV_M09_02,M09,Embedding_Only,0.8,1.0,0.0,0.0,1.27
BATTERY_EV,BATTERY_EV_M09_02,M09,Hybrid_AURA_Routed,0.8,1.0,1.0,1.0,0.008
BATTERY_EV,BATTERY_EV_M10_02,M10,Graph_Only,0.8,0.1236,1.0,0.22,0.038
BATTERY_EV,BATTERY_EV_M10_02,M10,Embedding_Only,0.8,0.0112,1.0,0.0222,1.414
BATTERY_EV,BATTERY_EV_M10_02,M10,Hybrid_AURA_Routed,0.8,0.1461,1.0,0.2549,0.623
BATTERY_EV,BATTERY_EV_M11_02,M11,Graph_Only,0.8,0.1236,1.0,0.22,0.07
BATTERY_EV,BATTERY_EV_M11_02,M11,Embedding_Only,0.8,0.0112,1.0,0.0222,1.604
BATTERY_EV,BATTERY_EV_M11_02,M11,Hybrid_AURA_Routed,0.8,0.1461,1.0,0.2549,0.09
BATTERY_EV,BATTERY_EV_M12_02,M12,Graph_Only,0.8,0.1236,1.0,0.22,0.026
BATTERY_EV,BATTERY_EV_M12_02,M12,Embedding_Only,0.8,0.0112,1.0,0.0222,0.361
BATTERY_EV,BATTERY_EV_M12_02,M12,Hybrid_AURA_Routed,0.8,0.1461,1.0,0.2549,0.705
BATTERY_EV,BATTERY_EV_M13_02,M13,Graph_Only,0.8,0.1236,1.0,0.22,0.065
BATTERY_EV,BATTERY_EV_M13_02,M13,Embedding_Only,0.8,0.0112,1.0,0.0222,0.803
BATTERY_EV,BATTERY_EV_M13_02,M13,Hybrid_AURA_Routed,0.8,0.1461,1.0,0.2549,0.22
BATTERY_EV,BATTERY_EV_M14_02,M14,Graph_Only,0.8,0.1304,0.7059,0.2202,0.105
BATTERY_EV,BATTERY_EV_M14_02,M14,Embedding_Only,0.8,0.0109,1.0,0.0215,3.253
BATTERY_EV,BATTERY_EV_M14_02,M14,Hybrid_AURA_Routed,0.8,0.1522,0.7368,0.2523,0.127
BATTERY_EV,BATTERY_EV_M15_02,M15,Graph_Only,0.8,1.0,0.0,0.0,0.023
BATTERY_EV,BATTERY_EV_M15_02,M15,Embedding_Only,0.8,1.0,0.0,0.0,2.237
BATTERY_EV,BATTERY_EV_M15_02,M15,Hybrid_AURA_Routed,0.8,1.0,1.0,1.0,0.007
BATTERY_EV,BATTERY_EV_M16_02,M16,Graph_Only,0.8,0.1236,1.0,0.22,0.032
BATTERY_EV,BATTERY_EV_M16_02,M16,Embedding_Only,0.8,0.0112,1.0,0.0222,105.299
BATTERY_EV,BATTERY_EV_M16_02,M16,Hybrid_AURA_Routed,0.8,0.1461,1.0,0.2549,0.335
BATTERY_EV,BATTERY_EV_M17_02,M17,Graph_Only,0.8,0.1087,0.6667,0.1869,1.714
BATTERY_EV,BATTERY_EV_M17_02,M17,Embedding_Only,0.8,0.0109,1.0,0.0215,5.255
BATTERY_EV,BATTERY_EV_M17_02,M17,Hybrid_AURA_Routed,0.8,0.1304,0.7059,0.2202,0.317
BATTERY_EV,BATTERY_EV_M18_02,M18,Graph_Only,0.8,0.1087,0.6667,0.1869,0.091
BATTERY_EV,BATTERY_EV_M18_02,M18,Embedding_Only,0.8,0.0109,1.0,0.0215,2.998
BATTERY_EV,BATTERY_EV_M18_02,M18,Hybrid_AURA_Routed,0.8,0.1304,0.7059,0.2202,1.533
BATTERY_EV,BATTERY_EV_M19_02,M19,Graph_Only,0.8,1.0,0.0667,0.125,0.109
BATTERY_EV,BATTERY_EV_M19_02,M19,Embedding_Only,0.8,1.0,1.0,1.0,1.182
BATTERY_EV,BATTERY_EV_M19_02,M19,Hybrid_AURA_Routed,0.8,1.0,0.0588,0.1111,1.32
BATTERY_EV,BATTERY_EV_M20_02,M20,Graph_Only,0.8,0.1236,1.0,0.22,0.078
BATTERY_EV,BATTERY_EV_M20_02,M20,Embedding_Only,0.8,0.0112,1.0,0.0222,0.864
BATTERY_EV,BATTERY_EV_M20_02,M20,Hybrid_AURA_Routed,0.8,0.1461,1.0,0.2549,1.081
BATTERY_EV,BATTERY_EV_M21_02,M21,Graph_Only,0.8,0.1236,1.0,0.22,0.068
BATTERY_EV,BATTERY_EV_M21_02,M21,Embedding_Only,0.8,0.0112,1.0,0.0222,0.798
BATTERY_EV,BATTERY_EV_M21_02,M21,Hybrid_AURA_Routed,0.8,0.1461,1.0,0.2549,0.252
BATTERY_EV,BATTERY_EV_M22_02,M22,Graph_Only,0.8,0.1236,1.0,0.22,0.065
BATTERY_EV,BATTERY_EV_M22_02,M22,Embedding_Only,0.8,0.0112,1.0,0.0222,0.799
BATTERY_EV,BATTERY_EV_M22_02,M22,Hybrid_AURA_Routed,0.8,0.1461,1.0,0.2549,0.22
BATTERY_EV,BATTERY_EV_M23_02,M23,Graph_Only,0.8,0.1087,0.6667,0.1869,0.094
BATTERY_EV,BATTERY_EV_M23_02,M23,Embedding_Only,0.8,0.0109,1.0,0.0215,0.917
BATTERY_EV,BATTERY_EV_M23_02,M23,Hybrid_AURA_Routed,0.8,0.1304,0.7059,0.2202,0.364
BATTERY_EV,BATTERY_EV_M24_02,M24,Graph_Only,0.8,1.0,0.0,0.0,0.023
BATTERY_EV,BATTERY_EV_M24_02,M24,Embedding_Only,0.8,1.0,0.0,0.0,0.56
BATTERY_EV,BATTERY_EV_M24_02,M24,Hybrid_AURA_Routed,0.8,1.0,1.0,1.0,0.015
BATTERY_EV,BATTERY_EV_M25_02,M25,Graph_Only,0.8,1.0,0.0,0.0,0.103
BATTERY_EV,BATTERY_EV_M25_02,M25,Embedding_Only,0.8,1.0,0.0,0.0,1.702
BATTERY_EV,BATTERY_EV_M25_02,M25,Hybrid_AURA_Routed,0.8,1.0,1.0,1.0,0.006
