threshold,mutation_id,recall,precision,f1
0.4,ADAS_M01_01,0.0093,0.0323,0.0144
0.4,ADAS_M02_01,0.0093,0.1667,0.0175
0.4,ADAS_M03_01,0.0093,1.0,0.0183
0.4,ADAS_M04_01,0.0093,1.0,0.0183
0.4,ADAS_M05_01,0.0093,0.0323,0.0144
0.4,ADAS_M06_01,1.0,0.0,0.0
0.4,ADAS_M07_01,1.0,0.0,0.0
0.4,ADAS_M08_01,1.0,0.0,0.0
0.4,ADAS_M09_01,1.0,0.0,0.0
0.4,ADAS_M10_01,0.0095,1.0,0.0189
0.4,ADAS_M11_01,0.0095,1.0,0.0189
0.4,ADAS_M12_01,0.0095,1.0,0.0189
0.4,ADAS_M13_01,0.019,1.0,0.0374
0.4,ADAS_M14_01,0.0093,0.0145,0.0113
0.4,ADAS_M15_01,1.0,0.0,0.0
0.4,ADAS_M16_01,0.0095,1.0,0.0189
0.4,ADAS_M17_01,0.0093,1.0,0.0183
0.4,ADAS_M18_01,0.0093,1.0,0.0183
0.4,ADAS_M19_01,1.0,1.0,1.0
0.4,ADAS_M20_01,0.0095,1.0,0.0189
0.4,ADAS_M21_01,0.0095,1.0,0.0189
0.4,ADAS_M22_01,0.0095,1.0,0.0189
0.4,ADAS_M23_01,0.0093,1.0,0.0183
0.4,ADAS_M24_01,1.0,0.0,0.0
0.4,ADAS_M25_01,1.0,0.0,0.0
0.4,ADAS_M01_02,0.0093,0.1667,0.0175
0.4,ADAS_M02_02,0.0093,0.1667,0.0175
0.4,ADAS_M03_02,0.0093,1.0,0.0183
0.4,ADAS_M04_02,0.0093,1.0,0.0183
0.4,ADAS_M05_02,0.0093,0.0323,0.0144
0.4,ADAS_M06_02,1.0,0.0,0.0
0.4,ADAS_M07_02,1.0,0.0,0.0
0.4,ADAS_M08_02,1.0,0.0,0.0
0.4,ADAS_M09_02,1.0,0.0,0.0
0.4,ADAS_M10_02,0.0095,1.0,0.0189
0.4,ADAS_M11_02,0.0095,1.0,0.0189
0.4,ADAS_M12_02,0.0095,1.0,0.0189
0.4,ADAS_M13_02,0.019,1.0,0.0374
0.4,ADAS_M14_02,0.0182,0.0294,0.0225
0.4,ADAS_M15_02,1.0,0.0,0.0
0.4,ADAS_M16_02,0.0095,1.0,0.0189
0.4,ADAS_M17_02,0.0093,1.0,0.0183
0.4,ADAS_M18_02,0.0093,1.0,0.0183
0.4,ADAS_M19_02,1.0,1.0,1.0
0.4,ADAS_M20_02,0.0095,1.0,0.0189
0.4,ADAS_M21_02,0.0095,1.0,0.0189
0.4,ADAS_M22_02,0.0095,1.0,0.0189
0.4,ADAS_M23_02,0.0093,1.0,0.0183
0.4,ADAS_M24_02,1.0,0.0,0.0
0.4,ADAS_M25_02,1.0,0.0,0.0
0.4,POWERTRAIN_M01_01,0.0133,0.0192,0.0157
0.4,POWERTRAIN_M02_01,0.0128,0.0192,0.0154
0.4,POWERTRAIN_M03_01,0.0208,1.0,0.0408
0.4,POWERTRAIN_M04_01,0.0109,1.0,0.0215
0.4,POWERTRAIN_M05_01,0.0208,0.0192,0.02
0.4,POWERTRAIN_M06_01,1.0,0.0,0.0
0.4,POWERTRAIN_M07_01,1.0,0.0,0.0
0.4,POWERTRAIN_M08_01,1.0,0.0,0.0
0.4,POWERTRAIN_M09_01,1.0,0.0,0.0
0.4,POWERTRAIN_M10_01,0.0222,1.0,0.0435
0.4,POWERTRAIN_M11_01,0.0145,1.0,0.0286
0.4,POWERTRAIN_M12_01,0.0137,1.0,0.027
0.4,POWERTRAIN_M13_01,0.0154,1.0,0.0303
0.4,POWERTRAIN_M14_01,0.0143,0.5,0.0278
0.4,POWERTRAIN_M15_01,1.0,0.0,0.0
0.4,POWERTRAIN_M16_01,0.0111,1.0,0.022
0.4,POWERTRAIN_M17_01,0.0208,1.0,0.0408
0.4,POWERTRAIN_M18_01,0.0112,1.0,0.0222
0.4,POWERTRAIN_M19_01,1.0,1.0,1.0
0.4,POWERTRAIN_M20_01,0.0154,1.0,0.0303
0.4,POWERTRAIN_M21_01,0.0222,1.0,0.0435
0.4,POWERTRAIN_M22_01,0.0222,1.0,0.0435
0.4,POWERTRAIN_M23_01,0.0127,1.0,0.025
0.4,POWERTRAIN_M24_01,1.0,0.0,0.0
0.4,POWERTRAIN_M25_01,1.0,0.0,0.0
0.4,POWERTRAIN_M01_02,0.0208,0.0192,0.02
0.4,POWERTRAIN_M02_02,0.0208,0.0192,0.02
0.4,POWERTRAIN_M03_02,0.0115,1.0,0.0227
0.4,POWERTRAIN_M04_02,0.0208,1.0,0.0408
0.4,POWERTRAIN_M05_02,0.011,0.0192,0.014
0.4,POWERTRAIN_M06_02,1.0,0.0,0.0
0.4,POWERTRAIN_M07_02,1.0,0.0,0.0
0.4,POWERTRAIN_M08_02,1.0,0.0,0.0
0.4,POWERTRAIN_M09_02,1.0,0.0,0.0
0.4,POWERTRAIN_M10_02,0.0179,1.0,0.0351
0.4,POWERTRAIN_M11_02,0.0222,1.0,0.0435
0.4,POWERTRAIN_M12_02,0.0222,1.0,0.0435
0.4,POWERTRAIN_M13_02,0.0222,1.0,0.0435
0.4,POWERTRAIN_M14_02,0.0123,1.0,0.0244
0.4,POWERTRAIN_M15_02,1.0,0.0,0.0
0.4,POWERTRAIN_M16_02,0.0189,1.0,0.037
0.4,POWERTRAIN_M17_02,0.0208,1.0,0.0408
0.4,POWERTRAIN_M18_02,0.0122,1.0,0.0241
0.4,POWERTRAIN_M19_02,1.0,1.0,1.0
0.4,POWERTRAIN_M20_02,0.0222,1.0,0.0435
0.4,POWERTRAIN_M21_02,0.0114,1.0,0.0225
0.4,POWERTRAIN_M22_02,0.0222,1.0,0.0435
0.4,POWERTRAIN_M23_02,0.0208,1.0,0.0408
0.4,POWERTRAIN_M24_02,1.0,0.0,0.0
0.4,POWERTRAIN_M25_02,1.0,0.0,0.0
0.4,BATTERY_EV_M01_01,0.0109,0.02,0.0141
0.4,BATTERY_EV_M02_01,0.0109,0.02,0.0141
0.4,BATTERY_EV_M03_01,0.0109,1.0,0.0215
0.4,BATTERY_EV_M04_01,0.0109,1.0,0.0215
0.4,BATTERY_EV_M05_01,0.0109,0.02,0.0141
0.4,BATTERY_EV_M06_01,1.0,0.0,0.0
0.4,BATTERY_EV_M07_01,1.0,0.0,0.0
0.4,BATTERY_EV_M08_01,1.0,0.0,0.0
0.4,BATTERY_EV_M09_01,1.0,0.0,0.0
0.4,BATTERY_EV_M10_01,0.0112,1.0,0.0222
0.4,BATTERY_EV_M11_01,0.0112,1.0,0.0222
0.4,BATTERY_EV_M12_01,0.0112,1.0,0.0222
0.4,BATTERY_EV_M13_01,0.0112,1.0,0.0222
0.4,BATTERY_EV_M14_01,0.0213,0.025,0.023
0.4,BATTERY_EV_M15_01,1.0,0.0,0.0
0.4,BATTERY_EV_M16_01,0.0112,1.0,0.0222
0.4,BATTERY_EV_M17_01,0.0109,1.0,0.0215
0.4,BATTERY_EV_M18_01,0.0109,1.0,0.0215
0.4,BATTERY_EV_M19_01,1.0,1.0,1.0
0.4,BATTERY_EV_M20_01,0.0111,1.0,0.022
0.4,BATTERY_EV_M21_01,0.0112,1.0,0.0222
0.4,BATTERY_EV_M22_01,0.0112,1.0,0.0222
0.4,BATTERY_EV_M23_01,0.0109,1.0,0.0215
0.4,BATTERY_EV_M24_01,1.0,0.0,0.0
0.4,BATTERY_EV_M25_01,1.0,0.0,0.0
0.4,BATTERY_EV_M01_02,0.0109,0.02,0.0141
0.4,BATTERY_EV_M02_02,0.0109,0.02,0.0141
0.4,BATTERY_EV_M03_02,0.0109,1.0,0.0215
0.4,BATTERY_EV_M04_02,0.0109,1.0,0.0215
0.4,BATTERY_EV_M05_02,0.0109,0.02,0.0141
0.4,BATTERY_EV_M06_02,1.0,0.0,0.0
0.4,BATTERY_EV_M07_02,1.0,0.0,0.0
0.4,BATTERY_EV_M08_02,1.0,0.0,0.0
0.4,BATTERY_EV_M09_02,1.0,0.0,0.0
0.4,BATTERY_EV_M10_02,0.0112,1.0,0.0222
0.4,BATTERY_EV_M11_02,0.0112,1.0,0.0222
0.4,BATTERY_EV_M12_02,0.0112,1.0,0.0222
0.4,BATTERY_EV_M13_02,0.0112,1.0,0.0222
0.4,BATTERY_EV_M14_02,0.0109,0.0125,0.0116
0.4,BATTERY_EV_M15_02,1.0,0.0,0.0
0.4,BATTERY_EV_M16_02,0.0112,1.0,0.0222
0.4,BATTERY_EV_M17_02,0.0109,1.0,0.0215
0.4,BATTERY_EV_M18_02,0.0109,1.0,0.0215
0.4,BATTERY_EV_M19_02,1.0,1.0,1.0
0.4,BATTERY_EV_M20_02,0.0112,1.0,0.0222
0.4,BATTERY_EV_M21_02,0.0112,1.0,0.0222
0.4,BATTERY_EV_M22_02,0.0112,1.0,0.0222
0.4,BATTERY_EV_M23_02,0.0109,1.0,0.0215
0.4,BATTERY_EV_M24_02,1.0,0.0,0.0
0.4,BATTERY_EV_M25_02,1.0,0.0,0.0
0.5,ADAS_M01_01,0.0093,0.0714,0.0164
0.5,ADAS_M02_01,0.0093,0.1667,0.0175
0.5,ADAS_M03_01,0.0093,1.0,0.0183
0.5,ADAS_M04_01,0.0093,1.0,0.0183
0.5,ADAS_M05_01,0.0093,0.0588,0.016
0.5,ADAS_M06_01,1.0,0.0,0.0
0.5,ADAS_M07_01,1.0,0.0,0.0
0.5,ADAS_M08_01,1.0,0.0,0.0
0.5,ADAS_M09_01,1.0,0.0,0.0
0.5,ADAS_M10_01,0.0095,1.0,0.0189
0.5,ADAS_M11_01,0.0095,1.0,0.0189
0.5,ADAS_M12_01,0.0095,1.0,0.0189
0.5,ADAS_M13_01,0.0095,1.0,0.0189
0.5,ADAS_M14_01,0.0093,0.25,0.0179
0.5,ADAS_M15_01,1.0,0.0,0.0
0.5,ADAS_M16_01,0.0095,1.0,0.0189
0.5,ADAS_M17_01,0.0093,1.0,0.0183
0.5,ADAS_M18_01,0.0093,1.0,0.0183
0.5,ADAS_M19_01,1.0,1.0,1.0
0.5,ADAS_M20_01,0.0095,1.0,0.0189
0.5,ADAS_M21_01,0.0095,1.0,0.0189
0.5,ADAS_M22_01,0.0095,1.0,0.0189
0.5,ADAS_M23_01,0.0093,1.0,0.0183
0.5,ADAS_M24_01,1.0,0.0,0.0
0.5,ADAS_M25_01,1.0,0.0,0.0
0.5,ADAS_M01_02,0.0093,0.1667,0.0175
0.5,ADAS_M02_02,0.0093,0.1667,0.0175
0.5,ADAS_M03_02,0.0093,1.0,0.0183
0.5,ADAS_M04_02,0.0093,1.0,0.0183
0.5,ADAS_M05_02,0.0093,0.0667,0.0163
0.5,ADAS_M06_02,1.0,0.0,0.0
0.5,ADAS_M07_02,1.0,0.0,0.0
0.5,ADAS_M08_02,1.0,0.0,0.0
0.5,ADAS_M09_02,1.0,0.0,0.0
0.5,ADAS_M10_02,0.0095,1.0,0.0189
0.5,ADAS_M11_02,0.0095,1.0,0.0189
0.5,ADAS_M12_02,0.0095,1.0,0.0189
0.5,ADAS_M13_02,0.0095,1.0,0.0189
0.5,ADAS_M14_02,0.0091,0.5,0.0179
0.5,ADAS_M15_02,1.0,0.0,0.0
0.5,ADAS_M16_02,0.0095,1.0,0.0189
0.5,ADAS_M17_02,0.0093,1.0,0.0183
0.5,ADAS_M18_02,0.0093,1.0,0.0183
0.5,ADAS_M19_02,1.0,1.0,1.0
0.5,ADAS_M20_02,0.0095,1.0,0.0189
0.5,ADAS_M21_02,0.0095,1.0,0.0189
0.5,ADAS_M22_02,0.0095,1.0,0.0189
0.5,ADAS_M23_02,0.0093,1.0,0.0183
0.5,ADAS_M24_02,1.0,0.0,0.0
0.5,ADAS_M25_02,1.0,0.0,0.0
0.5,POWERTRAIN_M01_01,0.0133,0.0192,0.0157
0.5,POWERTRAIN_M02_01,0.0128,0.0192,0.0154
0.5,POWERTRAIN_M03_01,0.0208,1.0,0.0408
0.5,POWERTRAIN_M04_01,0.0109,1.0,0.0215
0.5,POWERTRAIN_M05_01,0.0208,0.0192,0.02
0.5,POWERTRAIN_M06_01,1.0,0.0,0.0
0.5,POWERTRAIN_M07_01,1.0,0.0,0.0
0.5,POWERTRAIN_M08_01,1.0,0.0,0.0
0.5,POWERTRAIN_M09_01,1.0,0.0,0.0
0.5,POWERTRAIN_M10_01,0.0222,1.0,0.0435
0.5,POWERTRAIN_M11_01,0.0145,1.0,0.0286
0.5,POWERTRAIN_M12_01,0.0137,1.0,0.027
0.5,POWERTRAIN_M13_01,0.0154,1.0,0.0303
0.5,POWERTRAIN_M14_01,0.0143,1.0,0.0282
0.5,POWERTRAIN_M15_01,1.0,0.0,0.0
0.5,POWERTRAIN_M16_01,0.0111,1.0,0.022
0.5,POWERTRAIN_M17_01,0.0208,1.0,0.0408
0.5,POWERTRAIN_M18_01,0.0112,1.0,0.0222
0.5,POWERTRAIN_M19_01,1.0,1.0,1.0
0.5,POWERTRAIN_M20_01,0.0154,1.0,0.0303
0.5,POWERTRAIN_M21_01,0.0222,1.0,0.0435
0.5,POWERTRAIN_M22_01,0.0222,1.0,0.0435
0.5,POWERTRAIN_M23_01,0.0127,1.0,0.025
0.5,POWERTRAIN_M24_01,1.0,0.0,0.0
0.5,POWERTRAIN_M25_01,1.0,0.0,0.0
0.5,POWERTRAIN_M01_02,0.0208,0.0192,0.02
0.5,POWERTRAIN_M02_02,0.0208,0.0192,0.02
0.5,POWERTRAIN_M03_02,0.0115,1.0,0.0227
0.5,POWERTRAIN_M04_02,0.0208,1.0,0.0408
0.5,POWERTRAIN_M05_02,0.011,0.0192,0.014
0.5,POWERTRAIN_M06_02,1.0,0.0,0.0
0.5,POWERTRAIN_M07_02,1.0,0.0,0.0
0.5,POWERTRAIN_M08_02,1.0,0.0,0.0
0.5,POWERTRAIN_M09_02,1.0,0.0,0.0
0.5,POWERTRAIN_M10_02,0.0179,1.0,0.0351
0.5,POWERTRAIN_M11_02,0.0222,1.0,0.0435
0.5,POWERTRAIN_M12_02,0.0222,1.0,0.0435
0.5,POWERTRAIN_M13_02,0.0222,1.0,0.0435
0.5,POWERTRAIN_M14_02,0.0123,1.0,0.0244
0.5,POWERTRAIN_M15_02,1.0,0.0,0.0
0.5,POWERTRAIN_M16_02,0.0189,1.0,0.037
0.5,POWERTRAIN_M17_02,0.0208,1.0,0.0408
0.5,POWERTRAIN_M18_02,0.0122,1.0,0.0241
0.5,POWERTRAIN_M19_02,1.0,1.0,1.0
0.5,POWERTRAIN_M20_02,0.0222,1.0,0.0435
0.5,POWERTRAIN_M21_02,0.0114,1.0,0.0225
0.5,POWERTRAIN_M22_02,0.0222,1.0,0.0435
0.5,POWERTRAIN_M23_02,0.0208,1.0,0.0408
0.5,POWERTRAIN_M24_02,1.0,0.0,0.0
0.5,POWERTRAIN_M25_02,1.0,0.0,0.0
0.5,BATTERY_EV_M01_01,0.0109,0.02,0.0141
0.5,BATTERY_EV_M02_01,0.0109,0.02,0.0141
0.5,BATTERY_EV_M03_01,0.0109,1.0,0.0215
0.5,BATTERY_EV_M04_01,0.0109,1.0,0.0215
0.5,BATTERY_EV_M05_01,0.0109,0.02,0.0141
0.5,BATTERY_EV_M06_01,1.0,0.0,0.0
0.5,BATTERY_EV_M07_01,1.0,0.0,0.0
0.5,BATTERY_EV_M08_01,1.0,0.0,0.0
0.5,BATTERY_EV_M09_01,1.0,0.0,0.0
0.5,BATTERY_EV_M10_01,0.0112,1.0,0.0222
0.5,BATTERY_EV_M11_01,0.0112,1.0,0.0222
0.5,BATTERY_EV_M12_01,0.0112,1.0,0.0222
0.5,BATTERY_EV_M13_01,0.0112,1.0,0.0222
0.5,BATTERY_EV_M14_01,0.0106,0.1429,0.0198
0.5,BATTERY_EV_M15_01,1.0,0.0,0.0
0.5,BATTERY_EV_M16_01,0.0112,1.0,0.0222
0.5,BATTERY_EV_M17_01,0.0109,1.0,0.0215
0.5,BATTERY_EV_M18_01,0.0109,1.0,0.0215
0.5,BATTERY_EV_M19_01,1.0,1.0,1.0
0.5,BATTERY_EV_M20_01,0.0111,1.0,0.022
0.5,BATTERY_EV_M21_01,0.0112,1.0,0.0222
0.5,BATTERY_EV_M22_01,0.0112,1.0,0.0222
0.5,BATTERY_EV_M23_01,0.0109,1.0,0.0215
0.5,BATTERY_EV_M24_01,1.0,0.0,0.0
0.5,BATTERY_EV_M25_01,1.0,0.0,0.0
0.5,BATTERY_EV_M01_02,0.0109,0.02,0.0141
0.5,BATTERY_EV_M02_02,0.0109,0.02,0.0141
0.5,BATTERY_EV_M03_02,0.0109,1.0,0.0215
0.5,BATTERY_EV_M04_02,0.0109,1.0,0.0215
0.5,BATTERY_EV_M05_02,0.0109,0.02,0.0141
0.5,BATTERY_EV_M06_02,1.0,0.0,0.0
0.5,BATTERY_EV_M07_02,1.0,0.0,0.0
0.5,BATTERY_EV_M08_02,1.0,0.0,0.0
0.5,BATTERY_EV_M09_02,1.0,0.0,0.0
0.5,BATTERY_EV_M10_02,0.0112,1.0,0.0222
0.5,BATTERY_EV_M11_02,0.0112,1.0,0.0222
0.5,BATTERY_EV_M12_02,0.0112,1.0,0.0222
0.5,BATTERY_EV_M13_02,0.0112,1.0,0.0222
0.5,BATTERY_EV_M14_02,0.0109,0.1667,0.0204
0.5,BATTERY_EV_M15_02,1.0,0.0,0.0
0.5,BATTERY_EV_M16_02,0.0112,1.0,0.0222
0.5,BATTERY_EV_M17_02,0.0109,1.0,0.0215
0.5,BATTERY_EV_M18_02,0.0109,1.0,0.0215
0.5,BATTERY_EV_M19_02,1.0,1.0,1.0
0.5,BATTERY_EV_M20_02,0.0112,1.0,0.0222
0.5,BATTERY_EV_M21_02,0.0112,1.0,0.0222
0.5,BATTERY_EV_M22_02,0.0112,1.0,0.0222
0.5,BATTERY_EV_M23_02,0.0109,1.0,0.0215
0.5,BATTERY_EV_M24_02,1.0,0.0,0.0
0.5,BATTERY_EV_M25_02,1.0,0.0,0.0
0.6,ADAS_M01_01,0.0093,0.2,0.0177
0.6,ADAS_M02_01,0.0093,0.1667,0.0175
0.6,ADAS_M03_01,0.0093,1.0,0.0183
0.6,ADAS_M04_01,0.0093,1.0,0.0183
0.6,ADAS_M05_01,0.0093,0.2,0.0177
0.6,ADAS_M06_01,1.0,0.0,0.0
0.6,ADAS_M07_01,1.0,0.0,0.0
0.6,ADAS_M08_01,1.0,0.0,0.0
0.6,ADAS_M09_01,1.0,0.0,0.0
0.6,ADAS_M10_01,0.0095,1.0,0.0189
0.6,ADAS_M11_01,0.0095,1.0,0.0189
0.6,ADAS_M12_01,0.0095,1.0,0.0189
0.6,ADAS_M13_01,0.0095,1.0,0.0189
0.6,ADAS_M14_01,0.0093,1.0,0.0183
0.6,ADAS_M15_01,1.0,0.0,0.0
0.6,ADAS_M16_01,0.0095,1.0,0.0189
0.6,ADAS_M17_01,0.0093,1.0,0.0183
0.6,ADAS_M18_01,0.0093,1.0,0.0183
0.6,ADAS_M19_01,1.0,1.0,1.0
0.6,ADAS_M20_01,0.0095,1.0,0.0189
0.6,ADAS_M21_01,0.0095,1.0,0.0189
0.6,ADAS_M22_01,0.0095,1.0,0.0189
0.6,ADAS_M23_01,0.0093,1.0,0.0183
0.6,ADAS_M24_01,1.0,0.0,0.0
0.6,ADAS_M25_01,1.0,0.0,0.0
0.6,ADAS_M01_02,0.0093,0.1667,0.0175
0.6,ADAS_M02_02,0.0093,0.1667,0.0175
0.6,ADAS_M03_02,0.0093,1.0,0.0183
0.6,ADAS_M04_02,0.0093,1.0,0.0183
0.6,ADAS_M05_02,0.0093,0.2,0.0177
0.6,ADAS_M06_02,1.0,0.0,0.0
0.6,ADAS_M07_02,1.0,0.0,0.0
0.6,ADAS_M08_02,1.0,0.0,0.0
0.6,ADAS_M09_02,1.0,0.0,0.0
0.6,ADAS_M10_02,0.0095,1.0,0.0189
0.6,ADAS_M11_02,0.0095,1.0,0.0189
0.6,ADAS_M12_02,0.0095,1.0,0.0189
0.6,ADAS_M13_02,0.0095,1.0,0.0189
0.6,ADAS_M14_02,0.0091,1.0,0.018
0.6,ADAS_M15_02,1.0,0.0,0.0
0.6,ADAS_M16_02,0.0095,1.0,0.0189
0.6,ADAS_M17_02,0.0093,1.0,0.0183
0.6,ADAS_M18_02,0.0093,1.0,0.0183
0.6,ADAS_M19_02,1.0,1.0,1.0
0.6,ADAS_M20_02,0.0095,1.0,0.0189
0.6,ADAS_M21_02,0.0095,1.0,0.0189
0.6,ADAS_M22_02,0.0095,1.0,0.0189
0.6,ADAS_M23_02,0.0093,1.0,0.0183
0.6,ADAS_M24_02,1.0,0.0,0.0
0.6,ADAS_M25_02,1.0,0.0,0.0
0.6,POWERTRAIN_M01_01,0.0133,0.027,0.0179
0.6,POWERTRAIN_M02_01,0.0128,0.0196,0.0155
0.6,POWERTRAIN_M03_01,0.0208,1.0,0.0408
0.6,POWERTRAIN_M04_01,0.0109,1.0,0.0215
0.6,POWERTRAIN_M05_01,0.0208,1.0,0.0408
0.6,POWERTRAIN_M06_01,1.0,0.0,0.0
0.6,POWERTRAIN_M07_01,1.0,0.0,0.0
0.6,POWERTRAIN_M08_01,1.0,0.0,0.0
0.6,POWERTRAIN_M09_01,1.0,0.0,0.0
0.6,POWERTRAIN_M10_01,0.0222,1.0,0.0435
0.6,POWERTRAIN_M11_01,0.0145,1.0,0.0286
0.6,POWERTRAIN_M12_01,0.0137,1.0,0.027
0.6,POWERTRAIN_M13_01,0.0154,1.0,0.0303
0.6,POWERTRAIN_M14_01,0.0143,1.0,0.0282
0.6,POWERTRAIN_M15_01,1.0,0.0,0.0
0.6,POWERTRAIN_M16_01,0.0111,1.0,0.022
0.6,POWERTRAIN_M17_01,0.0208,1.0,0.0408
0.6,POWERTRAIN_M18_01,0.0112,1.0,0.0222
0.6,POWERTRAIN_M19_01,1.0,1.0,1.0
0.6,POWERTRAIN_M20_01,0.0154,1.0,0.0303
0.6,POWERTRAIN_M21_01,0.0222,1.0,0.0435
0.6,POWERTRAIN_M22_01,0.0222,1.0,0.0435
0.6,POWERTRAIN_M23_01,0.0127,1.0,0.025
0.6,POWERTRAIN_M24_01,1.0,0.0,0.0
0.6,POWERTRAIN_M25_01,1.0,0.0,0.0
0.6,POWERTRAIN_M01_02,0.0208,0.027,0.0235
0.6,POWERTRAIN_M02_02,0.0208,0.0196,0.0202
0.6,POWERTRAIN_M03_02,0.0115,1.0,0.0227
0.6,POWERTRAIN_M04_02,0.0208,1.0,0.0408
0.6,POWERTRAIN_M05_02,0.011,1.0,0.0217
0.6,POWERTRAIN_M06_02,1.0,0.0,0.0
0.6,POWERTRAIN_M07_02,1.0,0.0,0.0
0.6,POWERTRAIN_M08_02,1.0,0.0,0.0
0.6,POWERTRAIN_M09_02,1.0,0.0,0.0
0.6,POWERTRAIN_M10_02,0.0179,1.0,0.0351
0.6,POWERTRAIN_M11_02,0.0222,1.0,0.0435
0.6,POWERTRAIN_M12_02,0.0222,1.0,0.0435
0.6,POWERTRAIN_M13_02,0.0222,1.0,0.0435
0.6,POWERTRAIN_M14_02,0.0123,1.0,0.0244
0.6,POWERTRAIN_M15_02,1.0,0.0,0.0
0.6,POWERTRAIN_M16_02,0.0189,1.0,0.037
0.6,POWERTRAIN_M17_02,0.0208,1.0,0.0408
0.6,POWERTRAIN_M18_02,0.0122,1.0,0.0241
0.6,POWERTRAIN_M19_02,1.0,1.0,1.0
0.6,POWERTRAIN_M20_02,0.0222,1.0,0.0435
0.6,POWERTRAIN_M21_02,0.0114,1.0,0.0225
0.6,POWERTRAIN_M22_02,0.0222,1.0,0.0435
0.6,POWERTRAIN_M23_02,0.0208,1.0,0.0408
0.6,POWERTRAIN_M24_02,1.0,0.0,0.0
0.6,POWERTRAIN_M25_02,1.0,0.0,0.0
0.6,BATTERY_EV_M01_01,0.0109,0.02,0.0141
0.6,BATTERY_EV_M02_01,0.0109,0.02,0.0141
0.6,BATTERY_EV_M03_01,0.0109,1.0,0.0215
0.6,BATTERY_EV_M04_01,0.0109,1.0,0.0215
0.6,BATTERY_EV_M05_01,0.0109,0.0204,0.0142
0.6,BATTERY_EV_M06_01,1.0,0.0,0.0
0.6,BATTERY_EV_M07_01,1.0,0.0,0.0
0.6,BATTERY_EV_M08_01,1.0,0.0,0.0
0.6,BATTERY_EV_M09_01,1.0,0.0,0.0
0.6,BATTERY_EV_M10_01,0.0112,1.0,0.0222
0.6,BATTERY_EV_M11_01,0.0112,1.0,0.0222
0.6,BATTERY_EV_M12_01,0.0112,1.0,0.0222
0.6,BATTERY_EV_M13_01,0.0112,1.0,0.0222
0.6,BATTERY_EV_M14_01,0.0106,1.0,0.0211
0.6,BATTERY_EV_M15_01,1.0,0.0,0.0
0.6,BATTERY_EV_M16_01,0.0112,1.0,0.0222
0.6,BATTERY_EV_M17_01,0.0109,1.0,0.0215
0.6,BATTERY_EV_M18_01,0.0109,1.0,0.0215
0.6,BATTERY_EV_M19_01,1.0,1.0,1.0
0.6,BATTERY_EV_M20_01,0.0111,1.0,0.022
0.6,BATTERY_EV_M21_01,0.0112,1.0,0.0222
0.6,BATTERY_EV_M22_01,0.0112,1.0,0.0222
0.6,BATTERY_EV_M23_01,0.0109,1.0,0.0215
0.6,BATTERY_EV_M24_01,1.0,0.0,0.0
0.6,BATTERY_EV_M25_01,1.0,0.0,0.0
0.6,BATTERY_EV_M01_02,0.0109,0.02,0.0141
0.6,BATTERY_EV_M02_02,0.0109,0.02,0.0141
0.6,BATTERY_EV_M03_02,0.0109,1.0,0.0215
0.6,BATTERY_EV_M04_02,0.0109,1.0,0.0215
0.6,BATTERY_EV_M05_02,0.0109,0.025,0.0152
0.6,BATTERY_EV_M06_02,1.0,0.0,0.0
0.6,BATTERY_EV_M07_02,1.0,0.0,0.0
0.6,BATTERY_EV_M08_02,1.0,0.0,0.0
0.6,BATTERY_EV_M09_02,1.0,0.0,0.0
0.6,BATTERY_EV_M10_02,0.0112,1.0,0.0222
0.6,BATTERY_EV_M11_02,0.0112,1.0,0.0222
0.6,BATTERY_EV_M12_02,0.0112,1.0,0.0222
0.6,BATTERY_EV_M13_02,0.0112,1.0,0.0222
0.6,BATTERY_EV_M14_02,0.0109,1.0,0.0215
0.6,BATTERY_EV_M15_02,1.0,0.0,0.0
0.6,BATTERY_EV_M16_02,0.0112,1.0,0.0222
0.6,BATTERY_EV_M17_02,0.0109,1.0,0.0215
0.6,BATTERY_EV_M18_02,0.0109,1.0,0.0215
0.6,BATTERY_EV_M19_02,1.0,1.0,1.0
0.6,BATTERY_EV_M20_02,0.0112,1.0,0.0222
0.6,BATTERY_EV_M21_02,0.0112,1.0,0.0222
0.6,BATTERY_EV_M22_02,0.0112,1.0,0.0222
0.6,BATTERY_EV_M23_02,0.0109,1.0,0.0215
0.6,BATTERY_EV_M24_02,1.0,0.0,0.0
0.6,BATTERY_EV_M25_02,1.0,0.0,0.0
0.65,ADAS_M01_01,0.0093,0.5,0.0182
0.65,ADAS_M02_01,0.0093,0.1667,0.0175
0.65,ADAS_M03_01,0.0093,1.0,0.0183
0.65,ADAS_M04_01,0.0093,1.0,0.0183
0.65,ADAS_M05_01,0.0093,1.0,0.0183
0.65,ADAS_M06_01,1.0,0.0,0.0
0.65,ADAS_M07_01,1.0,0.0,0.0
0.65,ADAS_M08_01,1.0,0.0,0.0
0.65,ADAS_M09_01,1.0,0.0,0.0
0.65,ADAS_M10_01,0.0095,1.0,0.0189
0.65,ADAS_M11_01,0.0095,1.0,0.0189
0.65,ADAS_M12_01,0.0095,1.0,0.0189
0.65,ADAS_M13_01,0.0095,1.0,0.0189
0.65,ADAS_M14_01,0.0093,1.0,0.0183
0.65,ADAS_M15_01,1.0,0.0,0.0
0.65,ADAS_M16_01,0.0095,1.0,0.0189
0.65,ADAS_M17_01,0.0093,1.0,0.0183
0.65,ADAS_M18_01,0.0093,1.0,0.0183
0.65,ADAS_M19_01,1.0,1.0,1.0
0.65,ADAS_M20_01,0.0095,1.0,0.0189
0.65,ADAS_M21_01,0.0095,1.0,0.0189
0.65,ADAS_M22_01,0.0095,1.0,0.0189
0.65,ADAS_M23_01,0.0093,1.0,0.0183
0.65,ADAS_M24_01,1.0,0.0,0.0
0.65,ADAS_M25_01,1.0,0.0,0.0
0.65,ADAS_M01_02,0.0093,0.1667,0.0175
0.65,ADAS_M02_02,0.0093,0.1667,0.0175
0.65,ADAS_M03_02,0.0093,1.0,0.0183
0.65,ADAS_M04_02,0.0093,1.0,0.0183
0.65,ADAS_M05_02,0.0093,0.5,0.0182
0.65,ADAS_M06_02,1.0,0.0,0.0
0.65,ADAS_M07_02,1.0,0.0,0.0
0.65,ADAS_M08_02,1.0,0.0,0.0
0.65,ADAS_M09_02,1.0,0.0,0.0
0.65,ADAS_M10_02,0.0095,1.0,0.0189
0.65,ADAS_M11_02,0.0095,1.0,0.0189
0.65,ADAS_M12_02,0.0095,1.0,0.0189
0.65,ADAS_M13_02,0.0095,1.0,0.0189
0.65,ADAS_M14_02,0.0091,1.0,0.018
0.65,ADAS_M15_02,1.0,0.0,0.0
0.65,ADAS_M16_02,0.0095,1.0,0.0189
0.65,ADAS_M17_02,0.0093,1.0,0.0183
0.65,ADAS_M18_02,0.0093,1.0,0.0183
0.65,ADAS_M19_02,1.0,1.0,1.0
0.65,ADAS_M20_02,0.0095,1.0,0.0189
0.65,ADAS_M21_02,0.0095,1.0,0.0189
0.65,ADAS_M22_02,0.0095,1.0,0.0189
0.65,ADAS_M23_02,0.0093,1.0,0.0183
0.65,ADAS_M24_02,1.0,0.0,0.0
0.65,ADAS_M25_02,1.0,0.0,0.0
0.65,POWERTRAIN_M01_01,0.0133,0.5,0.026
0.65,POWERTRAIN_M02_01,0.0128,0.1429,0.0235
0.65,POWERTRAIN_M03_01,0.0208,1.0,0.0408
0.65,POWERTRAIN_M04_01,0.0109,1.0,0.0215
0.65,POWERTRAIN_M05_01,0.0208,1.0,0.0408
0.65,POWERTRAIN_M06_01,1.0,0.0,0.0
0.65,POWERTRAIN_M07_01,1.0,0.0,0.0
0.65,POWERTRAIN_M08_01,1.0,0.0,0.0
0.65,POWERTRAIN_M09_01,1.0,0.0,0.0
0.65,POWERTRAIN_M10_01,0.0222,1.0,0.0435
0.65,POWERTRAIN_M11_01,0.0145,1.0,0.0286
0.65,POWERTRAIN_M12_01,0.0137,1.0,0.027
0.65,POWERTRAIN_M13_01,0.0154,1.0,0.0303
0.65,POWERTRAIN_M14_01,0.0143,1.0,0.0282
0.65,POWERTRAIN_M15_01,1.0,0.0,0.0
0.65,POWERTRAIN_M16_01,0.0111,1.0,0.022
0.65,POWERTRAIN_M17_01,0.0208,1.0,0.0408
0.65,POWERTRAIN_M18_01,0.0112,1.0,0.0222
0.65,POWERTRAIN_M19_01,1.0,1.0,1.0
0.65,POWERTRAIN_M20_01,0.0154,1.0,0.0303
0.65,POWERTRAIN_M21_01,0.0222,1.0,0.0435
0.65,POWERTRAIN_M22_01,0.0222,1.0,0.0435
0.65,POWERTRAIN_M23_01,0.0127,1.0,0.025
0.65,POWERTRAIN_M24_01,1.0,0.0,0.0
0.65,POWERTRAIN_M25_01,1.0,0.0,0.0
0.65,POWERTRAIN_M01_02,0.0208,0.5,0.04
0.65,POWERTRAIN_M02_02,0.0208,0.1429,0.0364
0.65,POWERTRAIN_M03_02,0.0115,1.0,0.0227
0.65,POWERTRAIN_M04_02,0.0208,1.0,0.0408
0.65,POWERTRAIN_M05_02,0.011,1.0,0.0217
0.65,POWERTRAIN_M06_02,1.0,0.0,0.0
0.65,POWERTRAIN_M07_02,1.0,0.0,0.0
0.65,POWERTRAIN_M08_02,1.0,0.0,0.0
0.65,POWERTRAIN_M09_02,1.0,0.0,0.0
0.65,POWERTRAIN_M10_02,0.0179,1.0,0.0351
0.65,POWERTRAIN_M11_02,0.0222,1.0,0.0435
0.65,POWERTRAIN_M12_02,0.0222,1.0,0.0435
0.65,POWERTRAIN_M13_02,0.0222,1.0,0.0435
0.65,POWERTRAIN_M14_02,0.0123,1.0,0.0244
0.65,POWERTRAIN_M15_02,1.0,0.0,0.0
0.65,POWERTRAIN_M16_02,0.0189,1.0,0.037
0.65,POWERTRAIN_M17_02,0.0208,1.0,0.0408
0.65,POWERTRAIN_M18_02,0.0122,1.0,0.0241
0.65,POWERTRAIN_M19_02,1.0,1.0,1.0
0.65,POWERTRAIN_M20_02,0.0222,1.0,0.0435
0.65,POWERTRAIN_M21_02,0.0114,1.0,0.0225
0.65,POWERTRAIN_M22_02,0.0222,1.0,0.0435
0.65,POWERTRAIN_M23_02,0.0208,1.0,0.0408
0.65,POWERTRAIN_M24_02,1.0,0.0,0.0
0.65,POWERTRAIN_M25_02,1.0,0.0,0.0
0.65,BATTERY_EV_M01_01,0.0109,0.0213,0.0144
0.65,BATTERY_EV_M02_01,0.0109,0.02,0.0141
0.65,BATTERY_EV_M03_01,0.0109,1.0,0.0215
0.65,BATTERY_EV_M04_01,0.0109,1.0,0.0215
0.65,BATTERY_EV_M05_01,0.0109,0.0455,0.0175
0.65,BATTERY_EV_M06_01,1.0,0.0,0.0
0.65,BATTERY_EV_M07_01,1.0,0.0,0.0
0.65,BATTERY_EV_M08_01,1.0,0.0,0.0
0.65,BATTERY_EV_M09_01,1.0,0.0,0.0
0.65,BATTERY_EV_M10_01,0.0112,1.0,0.0222
0.65,BATTERY_EV_M11_01,0.0112,1.0,0.0222
0.65,BATTERY_EV_M12_01,0.0112,1.0,0.0222
0.65,BATTERY_EV_M13_01,0.0112,1.0,0.0222
0.65,BATTERY_EV_M14_01,0.0106,1.0,0.0211
0.65,BATTERY_EV_M15_01,1.0,0.0,0.0
0.65,BATTERY_EV_M16_01,0.0112,1.0,0.0222
0.65,BATTERY_EV_M17_01,0.0109,1.0,0.0215
0.65,BATTERY_EV_M18_01,0.0109,1.0,0.0215
0.65,BATTERY_EV_M19_01,1.0,1.0,1.0
0.65,BATTERY_EV_M20_01,0.0111,1.0,0.022
0.65,BATTERY_EV_M21_01,0.0112,1.0,0.0222
0.65,BATTERY_EV_M22_01,0.0112,1.0,0.0222
0.65,BATTERY_EV_M23_01,0.0109,1.0,0.0215
0.65,BATTERY_EV_M24_01,1.0,0.0,0.0
0.65,BATTERY_EV_M25_01,1.0,0.0,0.0
0.65,BATTERY_EV_M01_02,0.0109,0.025,0.0152
0.65,BATTERY_EV_M02_02,0.0109,0.0256,0.0153
0.65,BATTERY_EV_M03_02,0.0109,1.0,0.0215
0.65,BATTERY_EV_M04_02,0.0109,1.0,0.0215
0.65,BATTERY_EV_M05_02,0.0109,0.1,0.0196
0.65,BATTERY_EV_M06_02,1.0,0.0,0.0
0.65,BATTERY_EV_M07_02,1.0,0.0,0.0
0.65,BATTERY_EV_M08_02,1.0,0.0,0.0
0.65,BATTERY_EV_M09_02,1.0,0.0,0.0
0.65,BATTERY_EV_M10_02,0.0112,1.0,0.0222
0.65,BATTERY_EV_M11_02,0.0112,1.0,0.0222
0.65,BATTERY_EV_M12_02,0.0112,1.0,0.0222
0.65,BATTERY_EV_M13_02,0.0112,1.0,0.0222
0.65,BATTERY_EV_M14_02,0.0109,1.0,0.0215
0.65,BATTERY_EV_M15_02,1.0,0.0,0.0
0.65,BATTERY_EV_M16_02,0.0112,1.0,0.0222
0.65,BATTERY_EV_M17_02,0.0109,1.0,0.0215
0.65,BATTERY_EV_M18_02,0.0109,1.0,0.0215
0.65,BATTERY_EV_M19_02,1.0,1.0,1.0
0.65,BATTERY_EV_M20_02,0.0112,1.0,0.0222
0.65,BATTERY_EV_M21_02,0.0112,1.0,0.0222
0.65,BATTERY_EV_M22_02,0.0112,1.0,0.0222
0.65,BATTERY_EV_M23_02,0.0109,1.0,0.0215
0.65,BATTERY_EV_M24_02,1.0,0.0,0.0
0.65,BATTERY_EV_M25_02,1.0,0.0,0.0
0.7,ADAS_M01_01,0.0093,1.0,0.0183
0.7,ADAS_M02_01,0.0093,0.1667,0.0175
0.7,ADAS_M03_01,0.0093,1.0,0.0183
0.7,ADAS_M04_01,0.0093,1.0,0.0183
0.7,ADAS_M05_01,0.0093,1.0,0.0183
0.7,ADAS_M06_01,1.0,0.0,0.0
0.7,ADAS_M07_01,1.0,0.0,0.0
0.7,ADAS_M08_01,1.0,0.0,0.0
0.7,ADAS_M09_01,1.0,0.0,0.0
0.7,ADAS_M10_01,0.0095,1.0,0.0189
0.7,ADAS_M11_01,0.0095,1.0,0.0189
0.7,ADAS_M12_01,0.0095,1.0,0.0189
0.7,ADAS_M13_01,0.0095,1.0,0.0189
0.7,ADAS_M14_01,0.0093,1.0,0.0183
0.7,ADAS_M15_01,1.0,0.0,0.0
0.7,ADAS_M16_01,0.0095,1.0,0.0189
0.7,ADAS_M17_01,0.0093,1.0,0.0183
0.7,ADAS_M18_01,0.0093,1.0,0.0183
0.7,ADAS_M19_01,1.0,1.0,1.0
0.7,ADAS_M20_01,0.0095,1.0,0.0189
0.7,ADAS_M21_01,0.0095,1.0,0.0189
0.7,ADAS_M22_01,0.0095,1.0,0.0189
0.7,ADAS_M23_01,0.0093,1.0,0.0183
0.7,ADAS_M24_01,1.0,0.0,0.0
0.7,ADAS_M25_01,1.0,0.0,0.0
0.7,ADAS_M01_02,0.0093,0.1667,0.0175
0.7,ADAS_M02_02,0.0093,0.1667,0.0175
0.7,ADAS_M03_02,0.0093,1.0,0.0183
0.7,ADAS_M04_02,0.0093,1.0,0.0183
0.7,ADAS_M05_02,0.0093,1.0,0.0183
0.7,ADAS_M06_02,1.0,0.0,0.0
0.7,ADAS_M07_02,1.0,0.0,0.0
0.7,ADAS_M08_02,1.0,0.0,0.0
0.7,ADAS_M09_02,1.0,0.0,0.0
0.7,ADAS_M10_02,0.0095,1.0,0.0189
0.7,ADAS_M11_02,0.0095,1.0,0.0189
0.7,ADAS_M12_02,0.0095,1.0,0.0189
0.7,ADAS_M13_02,0.0095,1.0,0.0189
0.7,ADAS_M14_02,0.0091,1.0,0.018
0.7,ADAS_M15_02,1.0,0.0,0.0
0.7,ADAS_M16_02,0.0095,1.0,0.0189
0.7,ADAS_M17_02,0.0093,1.0,0.0183
0.7,ADAS_M18_02,0.0093,1.0,0.0183
0.7,ADAS_M19_02,1.0,1.0,1.0
0.7,ADAS_M20_02,0.0095,1.0,0.0189
0.7,ADAS_M21_02,0.0095,1.0,0.0189
0.7,ADAS_M22_02,0.0095,1.0,0.0189
0.7,ADAS_M23_02,0.0093,1.0,0.0183
0.7,ADAS_M24_02,1.0,0.0,0.0
0.7,ADAS_M25_02,1.0,0.0,0.0
0.7,POWERTRAIN_M01_01,0.0133,1.0,0.0263
0.7,POWERTRAIN_M02_01,0.0128,1.0,0.0253
0.7,POWERTRAIN_M03_01,0.0208,1.0,0.0408
0.7,POWERTRAIN_M04_01,0.0109,1.0,0.0215
0.7,POWERTRAIN_M05_01,0.0208,1.0,0.0408
0.7,POWERTRAIN_M06_01,1.0,0.0,0.0
0.7,POWERTRAIN_M07_01,1.0,0.0,0.0
0.7,POWERTRAIN_M08_01,1.0,0.0,0.0
0.7,POWERTRAIN_M09_01,1.0,0.0,0.0
0.7,POWERTRAIN_M10_01,0.0222,1.0,0.0435
0.7,POWERTRAIN_M11_01,0.0145,1.0,0.0286
0.7,POWERTRAIN_M12_01,0.0137,1.0,0.027
0.7,POWERTRAIN_M13_01,0.0154,1.0,0.0303
0.7,POWERTRAIN_M14_01,0.0143,1.0,0.0282
0.7,POWERTRAIN_M15_01,1.0,0.0,0.0
0.7,POWERTRAIN_M16_01,0.0111,1.0,0.022
0.7,POWERTRAIN_M17_01,0.0208,1.0,0.0408
0.7,POWERTRAIN_M18_01,0.0112,1.0,0.0222
0.7,POWERTRAIN_M19_01,1.0,1.0,1.0
0.7,POWERTRAIN_M20_01,0.0154,1.0,0.0303
0.7,POWERTRAIN_M21_01,0.0222,1.0,0.0435
0.7,POWERTRAIN_M22_01,0.0222,1.0,0.0435
0.7,POWERTRAIN_M23_01,0.0127,1.0,0.025
0.7,POWERTRAIN_M24_01,1.0,0.0,0.0
0.7,POWERTRAIN_M25_01,1.0,0.0,0.0
0.7,POWERTRAIN_M01_02,0.0208,1.0,0.0408
0.7,POWERTRAIN_M02_02,0.0208,1.0,0.0408
0.7,POWERTRAIN_M03_02,0.0115,1.0,0.0227
0.7,POWERTRAIN_M04_02,0.0208,1.0,0.0408
0.7,POWERTRAIN_M05_02,0.011,1.0,0.0217
0.7,POWERTRAIN_M06_02,1.0,0.0,0.0
0.7,POWERTRAIN_M07_02,1.0,0.0,0.0
0.7,POWERTRAIN_M08_02,1.0,0.0,0.0
0.7,POWERTRAIN_M09_02,1.0,0.0,0.0
0.7,POWERTRAIN_M10_02,0.0179,1.0,0.0351
0.7,POWERTRAIN_M11_02,0.0222,1.0,0.0435
0.7,POWERTRAIN_M12_02,0.0222,1.0,0.0435
0.7,POWERTRAIN_M13_02,0.0222,1.0,0.0435
0.7,POWERTRAIN_M14_02,0.0123,1.0,0.0244
0.7,POWERTRAIN_M15_02,1.0,0.0,0.0
0.7,POWERTRAIN_M16_02,0.0189,1.0,0.037
0.7,POWERTRAIN_M17_02,0.0208,1.0,0.0408
0.7,POWERTRAIN_M18_02,0.0122,1.0,0.0241
0.7,POWERTRAIN_M19_02,1.0,1.0,1.0
0.7,POWERTRAIN_M20_02,0.0222,1.0,0.0435
0.7,POWERTRAIN_M21_02,0.0114,1.0,0.0225
0.7,POWERTRAIN_M22_02,0.0222,1.0,0.0435
0.7,POWERTRAIN_M23_02,0.0208,1.0,0.0408
0.7,POWERTRAIN_M24_02,1.0,0.0,0.0
0.7,POWERTRAIN_M25_02,1.0,0.0,0.0
0.7,BATTERY_EV_M01_01,0.0109,0.0909,0.0194
0.7,BATTERY_EV_M02_01,0.0109,0.0417,0.0172
0.7,BATTERY_EV_M03_01,0.0109,1.0,0.0215
0.7,BATTERY_EV_M04_01,0.0109,1.0,0.0215
0.7,BATTERY_EV_M05_01,0.0109,0.2,0.0206
0.7,BATTERY_EV_M06_01,1.0,0.0,0.0
0.7,BATTERY_EV_M07_01,1.0,0.0,0.0
0.7,BATTERY_EV_M08_01,1.0,0.0,0.0
0.7,BATTERY_EV_M09_01,1.0,0.0,0.0
0.7,BATTERY_EV_M10_01,0.0112,1.0,0.0222
0.7,BATTERY_EV_M11_01,0.0112,1.0,0.0222
0.7,BATTERY_EV_M12_01,0.0112,1.0,0.0222
0.7,BATTERY_EV_M13_01,0.0112,1.0,0.0222
0.7,BATTERY_EV_M14_01,0.0106,1.0,0.0211
0.7,BATTERY_EV_M15_01,1.0,0.0,0.0
0.7,BATTERY_EV_M16_01,0.0112,1.0,0.0222
0.7,BATTERY_EV_M17_01,0.0109,1.0,0.0215
0.7,BATTERY_EV_M18_01,0.0109,1.0,0.0215
0.7,BATTERY_EV_M19_01,1.0,1.0,1.0
0.7,BATTERY_EV_M20_01,0.0111,1.0,0.022
0.7,BATTERY_EV_M21_01,0.0112,1.0,0.0222
0.7,BATTERY_EV_M22_01,0.0112,1.0,0.0222
0.7,BATTERY_EV_M23_01,0.0109,1.0,0.0215
0.7,BATTERY_EV_M24_01,1.0,0.0,0.0
0.7,BATTERY_EV_M25_01,1.0,0.0,0.0
0.7,BATTERY_EV_M01_02,0.0109,0.0455,0.0175
0.7,BATTERY_EV_M02_02,0.0109,0.0714,0.0189
0.7,BATTERY_EV_M03_02,0.0109,1.0,0.0215
0.7,BATTERY_EV_M04_02,0.0109,1.0,0.0215
0.7,BATTERY_EV_M05_02,0.0109,0.5,0.0213
0.7,BATTERY_EV_M06_02,1.0,0.0,0.0
0.7,BATTERY_EV_M07_02,1.0,0.0,0.0
0.7,BATTERY_EV_M08_02,1.0,0.0,0.0
0.7,BATTERY_EV_M09_02,1.0,0.0,0.0
0.7,BATTERY_EV_M10_02,0.0112,1.0,0.0222
0.7,BATTERY_EV_M11_02,0.0112,1.0,0.0222
0.7,BATTERY_EV_M12_02,0.0112,1.0,0.0222
0.7,BATTERY_EV_M13_02,0.0112,1.0,0.0222
0.7,BATTERY_EV_M14_02,0.0109,1.0,0.0215
0.7,BATTERY_EV_M15_02,1.0,0.0,0.0
0.7,BATTERY_EV_M16_02,0.0112,1.0,0.0222
0.7,BATTERY_EV_M17_02,0.0109,1.0,0.0215
0.7,BATTERY_EV_M18_02,0.0109,1.0,0.0215
0.7,BATTERY_EV_M19_02,1.0,1.0,1.0
0.7,BATTERY_EV_M20_02,0.0112,1.0,0.0222
0.7,BATTERY_EV_M21_02,0.0112,1.0,0.0222
0.7,BATTERY_EV_M22_02,0.0112,1.0,0.0222
0.7,BATTERY_EV_M23_02,0.0109,1.0,0.0215
0.7,BATTERY_EV_M24_02,1.0,0.0,0.0
0.7,BATTERY_EV_M25_02,1.0,0.0,0.0
0.75,ADAS_M01_01,0.0093,1.0,0.0183
0.75,ADAS_M02_01,0.0093,0.3333,0.018
0.75,ADAS_M03_01,0.0093,1.0,0.0183
0.75,ADAS_M04_01,0.0093,1.0,0.0183
0.75,ADAS_M05_01,0.0093,1.0,0.0183
0.75,ADAS_M06_01,1.0,0.0,0.0
0.75,ADAS_M07_01,1.0,0.0,0.0
0.75,ADAS_M08_01,1.0,0.0,0.0
0.75,ADAS_M09_01,1.0,0.0,0.0
0.75,ADAS_M10_01,0.0095,1.0,0.0189
0.75,ADAS_M11_01,0.0095,1.0,0.0189
0.75,ADAS_M12_01,0.0095,1.0,0.0189
0.75,ADAS_M13_01,0.0095,1.0,0.0189
0.75,ADAS_M14_01,0.0093,1.0,0.0183
0.75,ADAS_M15_01,1.0,0.0,0.0
0.75,ADAS_M16_01,0.0095,1.0,0.0189
0.75,ADAS_M17_01,0.0093,1.0,0.0183
0.75,ADAS_M18_01,0.0093,1.0,0.0183
0.75,ADAS_M19_01,1.0,1.0,1.0
0.75,ADAS_M20_01,0.0095,1.0,0.0189
0.75,ADAS_M21_01,0.0095,1.0,0.0189
0.75,ADAS_M22_01,0.0095,1.0,0.0189
0.75,ADAS_M23_01,0.0093,1.0,0.0183
0.75,ADAS_M24_01,1.0,0.0,0.0
0.75,ADAS_M25_01,1.0,0.0,0.0
0.75,ADAS_M01_02,0.0093,1.0,0.0183
0.75,ADAS_M02_02,0.0093,0.1667,0.0175
0.75,ADAS_M03_02,0.0093,1.0,0.0183
0.75,ADAS_M04_02,0.0093,1.0,0.0183
0.75,ADAS_M05_02,0.0093,1.0,0.0183
0.75,ADAS_M06_02,1.0,0.0,0.0
0.75,ADAS_M07_02,1.0,0.0,0.0
0.75,ADAS_M08_02,1.0,0.0,0.0
0.75,ADAS_M09_02,1.0,0.0,0.0
0.75,ADAS_M10_02,0.0095,1.0,0.0189
0.75,ADAS_M11_02,0.0095,1.0,0.0189
0.75,ADAS_M12_02,0.0095,1.0,0.0189
0.75,ADAS_M13_02,0.0095,1.0,0.0189
0.75,ADAS_M14_02,0.0091,1.0,0.018
0.75,ADAS_M15_02,1.0,0.0,0.0
0.75,ADAS_M16_02,0.0095,1.0,0.0189
0.75,ADAS_M17_02,0.0093,1.0,0.0183
0.75,ADAS_M18_02,0.0093,1.0,0.0183
0.75,ADAS_M19_02,1.0,1.0,1.0
0.75,ADAS_M20_02,0.0095,1.0,0.0189
0.75,ADAS_M21_02,0.0095,1.0,0.0189
0.75,ADAS_M22_02,0.0095,1.0,0.0189
0.75,ADAS_M23_02,0.0093,1.0,0.0183
0.75,ADAS_M24_02,1.0,0.0,0.0
0.75,ADAS_M25_02,1.0,0.0,0.0
0.75,POWERTRAIN_M01_01,0.0133,1.0,0.0263
0.75,POWERTRAIN_M02_01,0.0128,1.0,0.0253
0.75,POWERTRAIN_M03_01,0.0208,1.0,0.0408
0.75,POWERTRAIN_M04_01,0.0109,1.0,0.0215
0.75,POWERTRAIN_M05_01,0.0208,1.0,0.0408
0.75,POWERTRAIN_M06_01,1.0,0.0,0.0
0.75,POWERTRAIN_M07_01,1.0,0.0,0.0
0.75,POWERTRAIN_M08_01,1.0,0.0,0.0
0.75,POWERTRAIN_M09_01,1.0,0.0,0.0
0.75,POWERTRAIN_M10_01,0.0222,1.0,0.0435
0.75,POWERTRAIN_M11_01,0.0145,1.0,0.0286
0.75,POWERTRAIN_M12_01,0.0137,1.0,0.027
0.75,POWERTRAIN_M13_01,0.0154,1.0,0.0303
0.75,POWERTRAIN_M14_01,0.0143,1.0,0.0282
0.75,POWERTRAIN_M15_01,1.0,0.0,0.0
0.75,POWERTRAIN_M16_01,0.0111,1.0,0.022
0.75,POWERTRAIN_M17_01,0.0208,1.0,0.0408
0.75,POWERTRAIN_M18_01,0.0112,1.0,0.0222
0.75,POWERTRAIN_M19_01,1.0,1.0,1.0
0.75,POWERTRAIN_M20_01,0.0154,1.0,0.0303
0.75,POWERTRAIN_M21_01,0.0222,1.0,0.0435
0.75,POWERTRAIN_M22_01,0.0222,1.0,0.0435
0.75,POWERTRAIN_M23_01,0.0127,1.0,0.025
0.75,POWERTRAIN_M24_01,1.0,0.0,0.0
0.75,POWERTRAIN_M25_01,1.0,0.0,0.0
0.75,POWERTRAIN_M01_02,0.0208,1.0,0.0408
0.75,POWERTRAIN_M02_02,0.0208,1.0,0.0408
0.75,POWERTRAIN_M03_02,0.0115,1.0,0.0227
0.75,POWERTRAIN_M04_02,0.0208,1.0,0.0408
0.75,POWERTRAIN_M05_02,0.011,1.0,0.0217
0.75,POWERTRAIN_M06_02,1.0,0.0,0.0
0.75,POWERTRAIN_M07_02,1.0,0.0,0.0
0.75,POWERTRAIN_M08_02,1.0,0.0,0.0
0.75,POWERTRAIN_M09_02,1.0,0.0,0.0
0.75,POWERTRAIN_M10_02,0.0179,1.0,0.0351
0.75,POWERTRAIN_M11_02,0.0222,1.0,0.0435
0.75,POWERTRAIN_M12_02,0.0222,1.0,0.0435
0.75,POWERTRAIN_M13_02,0.0222,1.0,0.0435
0.75,POWERTRAIN_M14_02,0.0123,1.0,0.0244
0.75,POWERTRAIN_M15_02,1.0,0.0,0.0
0.75,POWERTRAIN_M16_02,0.0189,1.0,0.037
0.75,POWERTRAIN_M17_02,0.0208,1.0,0.0408
0.75,POWERTRAIN_M18_02,0.0122,1.0,0.0241
0.75,POWERTRAIN_M19_02,1.0,1.0,1.0
0.75,POWERTRAIN_M20_02,0.0222,1.0,0.0435
0.75,POWERTRAIN_M21_02,0.0114,1.0,0.0225
0.75,POWERTRAIN_M22_02,0.0222,1.0,0.0435
0.75,POWERTRAIN_M23_02,0.0208,1.0,0.0408
0.75,POWERTRAIN_M24_02,1.0,0.0,0.0
0.75,POWERTRAIN_M25_02,1.0,0.0,0.0
0.75,BATTERY_EV_M01_01,0.0109,0.25,0.0208
0.75,BATTERY_EV_M02_01,0.0109,0.125,0.02
0.75,BATTERY_EV_M03_01,0.0109,1.0,0.0215
0.75,BATTERY_EV_M04_01,0.0109,1.0,0.0215
0.75,BATTERY_EV_M05_01,0.0109,1.0,0.0215
0.75,BATTERY_EV_M06_01,1.0,0.0,0.0
0.75,BATTERY_EV_M07_01,1.0,0.0,0.0
0.75,BATTERY_EV_M08_01,1.0,0.0,0.0
0.75,BATTERY_EV_M09_01,1.0,0.0,0.0
0.75,BATTERY_EV_M10_01,0.0112,1.0,0.0222
0.75,BATTERY_EV_M11_01,0.0112,1.0,0.0222
0.75,BATTERY_EV_M12_01,0.0112,1.0,0.0222
0.75,BATTERY_EV_M13_01,0.0112,1.0,0.0222
0.75,BATTERY_EV_M14_01,0.0106,1.0,0.0211
0.75,BATTERY_EV_M15_01,1.0,0.0,0.0
0.75,BATTERY_EV_M16_01,0.0112,1.0,0.0222
0.75,BATTERY_EV_M17_01,0.0109,1.0,0.0215
0.75,BATTERY_EV_M18_01,0.0109,1.0,0.0215
0.75,BATTERY_EV_M19_01,1.0,1.0,1.0
0.75,BATTERY_EV_M20_01,0.0111,1.0,0.022
0.75,BATTERY_EV_M21_01,0.0112,1.0,0.0222
0.75,BATTERY_EV_M22_01,0.0112,1.0,0.0222
0.75,BATTERY_EV_M23_01,0.0109,1.0,0.0215
0.75,BATTERY_EV_M24_01,1.0,0.0,0.0
0.75,BATTERY_EV_M25_01,1.0,0.0,0.0
0.75,BATTERY_EV_M01_02,0.0109,0.3333,0.0211
0.75,BATTERY_EV_M02_02,0.0109,0.25,0.0208
0.75,BATTERY_EV_M03_02,0.0109,1.0,0.0215
0.75,BATTERY_EV_M04_02,0.0109,1.0,0.0215
0.75,BATTERY_EV_M05_02,0.0109,1.0,0.0215
0.75,BATTERY_EV_M06_02,1.0,0.0,0.0
0.75,BATTERY_EV_M07_02,1.0,0.0,0.0
0.75,BATTERY_EV_M08_02,1.0,0.0,0.0
0.75,BATTERY_EV_M09_02,1.0,0.0,0.0
0.75,BATTERY_EV_M10_02,0.0112,1.0,0.0222
0.75,BATTERY_EV_M11_02,0.0112,1.0,0.0222
0.75,BATTERY_EV_M12_02,0.0112,1.0,0.0222
0.75,BATTERY_EV_M13_02,0.0112,1.0,0.0222
0.75,BATTERY_EV_M14_02,0.0109,1.0,0.0215
0.75,BATTERY_EV_M15_02,1.0,0.0,0.0
0.75,BATTERY_EV_M16_02,0.0112,1.0,0.0222
0.75,BATTERY_EV_M17_02,0.0109,1.0,0.0215
0.75,BATTERY_EV_M18_02,0.0109,1.0,0.0215
0.75,BATTERY_EV_M19_02,1.0,1.0,1.0
0.75,BATTERY_EV_M20_02,0.0112,1.0,0.0222
0.75,BATTERY_EV_M21_02,0.0112,1.0,0.0222
0.75,BATTERY_EV_M22_02,0.0112,1.0,0.0222
0.75,BATTERY_EV_M23_02,0.0109,1.0,0.0215
0.75,BATTERY_EV_M24_02,1.0,0.0,0.0
0.75,BATTERY_EV_M25_02,1.0,0.0,0.0
0.8,ADAS_M01_01,0.0093,1.0,0.0183
0.8,ADAS_M02_01,0.0093,1.0,0.0183
0.8,ADAS_M03_01,0.0093,1.0,0.0183
0.8,ADAS_M04_01,0.0093,1.0,0.0183
0.8,ADAS_M05_01,0.0093,1.0,0.0183
0.8,ADAS_M06_01,1.0,0.0,0.0
0.8,ADAS_M07_01,1.0,0.0,0.0
0.8,ADAS_M08_01,1.0,0.0,0.0
0.8,ADAS_M09_01,1.0,0.0,0.0
0.8,ADAS_M10_01,0.0095,1.0,0.0189
0.8,ADAS_M11_01,0.0095,1.0,0.0189
0.8,ADAS_M12_01,0.0095,1.0,0.0189
0.8,ADAS_M13_01,0.0095,1.0,0.0189
0.8,ADAS_M14_01,0.0093,1.0,0.0183
0.8,ADAS_M15_01,1.0,0.0,0.0
0.8,ADAS_M16_01,0.0095,1.0,0.0189
0.8,ADAS_M17_01,0.0093,1.0,0.0183
0.8,ADAS_M18_01,0.0093,1.0,0.0183
0.8,ADAS_M19_01,1.0,1.0,1.0
0.8,ADAS_M20_01,0.0095,1.0,0.0189
0.8,ADAS_M21_01,0.0095,1.0,0.0189
0.8,ADAS_M22_01,0.0095,1.0,0.0189
0.8,ADAS_M23_01,0.0093,1.0,0.0183
0.8,ADAS_M24_01,1.0,0.0,0.0
0.8,ADAS_M25_01,1.0,0.0,0.0
0.8,ADAS_M01_02,0.0093,1.0,0.0183
0.8,ADAS_M02_02,0.0093,1.0,0.0183
0.8,ADAS_M03_02,0.0093,1.0,0.0183
0.8,ADAS_M04_02,0.0093,1.0,0.0183
0.8,ADAS_M05_02,0.0093,1.0,0.0183
0.8,ADAS_M06_02,1.0,0.0,0.0
0.8,ADAS_M07_02,1.0,0.0,0.0
0.8,ADAS_M08_02,1.0,0.0,0.0
0.8,ADAS_M09_02,1.0,0.0,0.0
0.8,ADAS_M10_02,0.0095,1.0,0.0189
0.8,ADAS_M11_02,0.0095,1.0,0.0189
0.8,ADAS_M12_02,0.0095,1.0,0.0189
0.8,ADAS_M13_02,0.0095,1.0,0.0189
0.8,ADAS_M14_02,0.0091,1.0,0.018
0.8,ADAS_M15_02,1.0,0.0,0.0
0.8,ADAS_M16_02,0.0095,1.0,0.0189
0.8,ADAS_M17_02,0.0093,1.0,0.0183
0.8,ADAS_M18_02,0.0093,1.0,0.0183
0.8,ADAS_M19_02,1.0,1.0,1.0
0.8,ADAS_M20_02,0.0095,1.0,0.0189
0.8,ADAS_M21_02,0.0095,1.0,0.0189
0.8,ADAS_M22_02,0.0095,1.0,0.0189
0.8,ADAS_M23_02,0.0093,1.0,0.0183
0.8,ADAS_M24_02,1.0,0.0,0.0
0.8,ADAS_M25_02,1.0,0.0,0.0
0.8,POWERTRAIN_M01_01,0.0133,1.0,0.0263
0.8,POWERTRAIN_M02_01,0.0128,1.0,0.0253
0.8,POWERTRAIN_M03_01,0.0208,1.0,0.0408
0.8,POWERTRAIN_M04_01,0.0109,1.0,0.0215
0.8,POWERTRAIN_M05_01,0.0208,1.0,0.0408
0.8,POWERTRAIN_M06_01,1.0,0.0,0.0
0.8,POWERTRAIN_M07_01,1.0,0.0,0.0
0.8,POWERTRAIN_M08_01,1.0,0.0,0.0
0.8,POWERTRAIN_M09_01,1.0,0.0,0.0
0.8,POWERTRAIN_M10_01,0.0222,1.0,0.0435
0.8,POWERTRAIN_M11_01,0.0145,1.0,0.0286
0.8,POWERTRAIN_M12_01,0.0137,1.0,0.027
0.8,POWERTRAIN_M13_01,0.0154,1.0,0.0303
0.8,POWERTRAIN_M14_01,0.0143,1.0,0.0282
0.8,POWERTRAIN_M15_01,1.0,0.0,0.0
0.8,POWERTRAIN_M16_01,0.0111,1.0,0.022
0.8,POWERTRAIN_M17_01,0.0208,1.0,0.0408
0.8,POWERTRAIN_M18_01,0.0112,1.0,0.0222
0.8,POWERTRAIN_M19_01,1.0,1.0,1.0
0.8,POWERTRAIN_M20_01,0.0154,1.0,0.0303
0.8,POWERTRAIN_M21_01,0.0222,1.0,0.0435
0.8,POWERTRAIN_M22_01,0.0222,1.0,0.0435
0.8,POWERTRAIN_M23_01,0.0127,1.0,0.025
0.8,POWERTRAIN_M24_01,1.0,0.0,0.0
0.8,POWERTRAIN_M25_01,1.0,0.0,0.0
0.8,POWERTRAIN_M01_02,0.0208,1.0,0.0408
0.8,POWERTRAIN_M02_02,0.0208,1.0,0.0408
0.8,POWERTRAIN_M03_02,0.0115,1.0,0.0227
0.8,POWERTRAIN_M04_02,0.0208,1.0,0.0408
0.8,POWERTRAIN_M05_02,0.011,1.0,0.0217
0.8,POWERTRAIN_M06_02,1.0,0.0,0.0
0.8,POWERTRAIN_M07_02,1.0,0.0,0.0
0.8,POWERTRAIN_M08_02,1.0,0.0,0.0
0.8,POWERTRAIN_M09_02,1.0,0.0,0.0
0.8,POWERTRAIN_M10_02,0.0179,1.0,0.0351
0.8,POWERTRAIN_M11_02,0.0222,1.0,0.0435
0.8,POWERTRAIN_M12_02,0.0222,1.0,0.0435
0.8,POWERTRAIN_M13_02,0.0222,1.0,0.0435
0.8,POWERTRAIN_M14_02,0.0123,1.0,0.0244
0.8,POWERTRAIN_M15_02,1.0,0.0,0.0
0.8,POWERTRAIN_M16_02,0.0189,1.0,0.037
0.8,POWERTRAIN_M17_02,0.0208,1.0,0.0408
0.8,POWERTRAIN_M18_02,0.0122,1.0,0.0241
0.8,POWERTRAIN_M19_02,1.0,1.0,1.0
0.8,POWERTRAIN_M20_02,0.0222,1.0,0.0435
0.8,POWERTRAIN_M21_02,0.0114,1.0,0.0225
0.8,POWERTRAIN_M22_02,0.0222,1.0,0.0435
0.8,POWERTRAIN_M23_02,0.0208,1.0,0.0408
0.8,POWERTRAIN_M24_02,1.0,0.0,0.0
0.8,POWERTRAIN_M25_02,1.0,0.0,0.0
0.8,BATTERY_EV_M01_01,0.0109,1.0,0.0215
0.8,BATTERY_EV_M02_01,0.0109,1.0,0.0215
0.8,BATTERY_EV_M03_01,0.0109,1.0,0.0215
0.8,BATTERY_EV_M04_01,0.0109,1.0,0.0215
0.8,BATTERY_EV_M05_01,0.0109,1.0,0.0215
0.8,BATTERY_EV_M06_01,1.0,0.0,0.0
0.8,BATTERY_EV_M07_01,1.0,0.0,0.0
0.8,BATTERY_EV_M08_01,1.0,0.0,0.0
0.8,BATTERY_EV_M09_01,1.0,0.0,0.0
0.8,BATTERY_EV_M10_01,0.0112,1.0,0.0222
0.8,BATTERY_EV_M11_01,0.0112,1.0,0.0222
0.8,BATTERY_EV_M12_01,0.0112,1.0,0.0222
0.8,BATTERY_EV_M13_01,0.0112,1.0,0.0222
0.8,BATTERY_EV_M14_01,0.0106,1.0,0.0211
0.8,BATTERY_EV_M15_01,1.0,0.0,0.0
0.8,BATTERY_EV_M16_01,0.0112,1.0,0.0222
0.8,BATTERY_EV_M17_01,0.0109,1.0,0.0215
0.8,BATTERY_EV_M18_01,0.0109,1.0,0.0215
0.8,BATTERY_EV_M19_01,1.0,1.0,1.0
0.8,BATTERY_EV_M20_01,0.0111,1.0,0.022
0.8,BATTERY_EV_M21_01,0.0112,1.0,0.0222
0.8,BATTERY_EV_M22_01,0.0112,1.0,0.0222
0.8,BATTERY_EV_M23_01,0.0109,1.0,0.0215
0.8,BATTERY_EV_M24_01,1.0,0.0,0.0
0.8,BATTERY_EV_M25_01,1.0,0.0,0.0
0.8,BATTERY_EV_M01_02,0.0109,1.0,0.0215
0.8,BATTERY_EV_M02_02,0.0109,1.0,0.0215
0.8,BATTERY_EV_M03_02,0.0109,1.0,0.0215
0.8,BATTERY_EV_M04_02,0.0109,1.0,0.0215
0.8,BATTERY_EV_M05_02,0.0109,1.0,0.0215
0.8,BATTERY_EV_M06_02,1.0,0.0,0.0
0.8,BATTERY_EV_M07_02,1.0,0.0,0.0
0.8,BATTERY_EV_M08_02,1.0,0.0,0.0
0.8,BATTERY_EV_M09_02,1.0,0.0,0.0
0.8,BATTERY_EV_M10_02,0.0112,1.0,0.0222
0.8,BATTERY_EV_M11_02,0.0112,1.0,0.0222
0.8,BATTERY_EV_M12_02,0.0112,1.0,0.0222
0.8,BATTERY_EV_M13_02,0.0112,1.0,0.0222
0.8,BATTERY_EV_M14_02,0.0109,1.0,0.0215
0.8,BATTERY_EV_M15_02,1.0,0.0,0.0
0.8,BATTERY_EV_M16_02,0.0112,1.0,0.0222
0.8,BATTERY_EV_M17_02,0.0109,1.0,0.0215
0.8,BATTERY_EV_M18_02,0.0109,1.0,0.0215
0.8,BATTERY_EV_M19_02,1.0,1.0,1.0
0.8,BATTERY_EV_M20_02,0.0112,1.0,0.0222
0.8,BATTERY_EV_M21_02,0.0112,1.0,0.0222
0.8,BATTERY_EV_M22_02,0.0112,1.0,0.0222
0.8,BATTERY_EV_M23_02,0.0109,1.0,0.0215
0.8,BATTERY_EV_M24_02,1.0,0.0,0.0
0.8,BATTERY_EV_M25_02,1.0,0.0,0.0
0.85,ADAS_M01_01,0.0093,1.0,0.0183
0.85,ADAS_M02_01,0.0093,1.0,0.0183
0.85,ADAS_M03_01,0.0093,1.0,0.0183
0.85,ADAS_M04_01,0.0093,1.0,0.0183
0.85,ADAS_M05_01,0.0093,1.0,0.0183
0.85,ADAS_M06_01,1.0,0.0,0.0
0.85,ADAS_M07_01,1.0,0.0,0.0
0.85,ADAS_M08_01,1.0,0.0,0.0
0.85,ADAS_M09_01,1.0,0.0,0.0
0.85,ADAS_M10_01,0.0095,1.0,0.0189
0.85,ADAS_M11_01,0.0095,1.0,0.0189
0.85,ADAS_M12_01,0.0095,1.0,0.0189
0.85,ADAS_M13_01,0.0095,1.0,0.0189
0.85,ADAS_M14_01,0.0093,1.0,0.0183
0.85,ADAS_M15_01,1.0,0.0,0.0
0.85,ADAS_M16_01,0.0095,1.0,0.0189
0.85,ADAS_M17_01,0.0093,1.0,0.0183
0.85,ADAS_M18_01,0.0093,1.0,0.0183
0.85,ADAS_M19_01,1.0,1.0,1.0
0.85,ADAS_M20_01,0.0095,1.0,0.0189
0.85,ADAS_M21_01,0.0095,1.0,0.0189
0.85,ADAS_M22_01,0.0095,1.0,0.0189
0.85,ADAS_M23_01,0.0093,1.0,0.0183
0.85,ADAS_M24_01,1.0,0.0,0.0
0.85,ADAS_M25_01,1.0,0.0,0.0
0.85,ADAS_M01_02,0.0093,1.0,0.0183
0.85,ADAS_M02_02,0.0093,1.0,0.0183
0.85,ADAS_M03_02,0.0093,1.0,0.0183
0.85,ADAS_M04_02,0.0093,1.0,0.0183
0.85,ADAS_M05_02,0.0093,1.0,0.0183
0.85,ADAS_M06_02,1.0,0.0,0.0
0.85,ADAS_M07_02,1.0,0.0,0.0
0.85,ADAS_M08_02,1.0,0.0,0.0
0.85,ADAS_M09_02,1.0,0.0,0.0
0.85,ADAS_M10_02,0.0095,1.0,0.0189
0.85,ADAS_M11_02,0.0095,1.0,0.0189
0.85,ADAS_M12_02,0.0095,1.0,0.0189
0.85,ADAS_M13_02,0.0095,1.0,0.0189
0.85,ADAS_M14_02,0.0091,1.0,0.018
0.85,ADAS_M15_02,1.0,0.0,0.0
0.85,ADAS_M16_02,0.0095,1.0,0.0189
0.85,ADAS_M17_02,0.0093,1.0,0.0183
0.85,ADAS_M18_02,0.0093,1.0,0.0183
0.85,ADAS_M19_02,1.0,1.0,1.0
0.85,ADAS_M20_02,0.0095,1.0,0.0189
0.85,ADAS_M21_02,0.0095,1.0,0.0189
0.85,ADAS_M22_02,0.0095,1.0,0.0189
0.85,ADAS_M23_02,0.0093,1.0,0.0183
0.85,ADAS_M24_02,1.0,0.0,0.0
0.85,ADAS_M25_02,1.0,0.0,0.0
0.85,POWERTRAIN_M01_01,0.0133,1.0,0.0263
0.85,POWERTRAIN_M02_01,0.0128,1.0,0.0253
0.85,POWERTRAIN_M03_01,0.0208,1.0,0.0408
0.85,POWERTRAIN_M04_01,0.0109,1.0,0.0215
0.85,POWERTRAIN_M05_01,0.0208,1.0,0.0408
0.85,POWERTRAIN_M06_01,1.0,0.0,0.0
0.85,POWERTRAIN_M07_01,1.0,0.0,0.0
0.85,POWERTRAIN_M08_01,1.0,0.0,0.0
0.85,POWERTRAIN_M09_01,1.0,0.0,0.0
0.85,POWERTRAIN_M10_01,0.0222,1.0,0.0435
0.85,POWERTRAIN_M11_01,0.0145,1.0,0.0286
0.85,POWERTRAIN_M12_01,0.0137,1.0,0.027
0.85,POWERTRAIN_M13_01,0.0154,1.0,0.0303
0.85,POWERTRAIN_M14_01,0.0143,1.0,0.0282
0.85,POWERTRAIN_M15_01,1.0,0.0,0.0
0.85,POWERTRAIN_M16_01,0.0111,1.0,0.022
0.85,POWERTRAIN_M17_01,0.0208,1.0,0.0408
0.85,POWERTRAIN_M18_01,0.0112,1.0,0.0222
0.85,POWERTRAIN_M19_01,1.0,1.0,1.0
0.85,POWERTRAIN_M20_01,0.0154,1.0,0.0303
0.85,POWERTRAIN_M21_01,0.0222,1.0,0.0435
0.85,POWERTRAIN_M22_01,0.0222,1.0,0.0435
0.85,POWERTRAIN_M23_01,0.0127,1.0,0.025
0.85,POWERTRAIN_M24_01,1.0,0.0,0.0
0.85,POWERTRAIN_M25_01,1.0,0.0,0.0
0.85,POWERTRAIN_M01_02,0.0208,1.0,0.0408
0.85,POWERTRAIN_M02_02,0.0208,1.0,0.0408
0.85,POWERTRAIN_M03_02,0.0115,1.0,0.0227
0.85,POWERTRAIN_M04_02,0.0208,1.0,0.0408
0.85,POWERTRAIN_M05_02,0.011,1.0,0.0217
0.85,POWERTRAIN_M06_02,1.0,0.0,0.0
0.85,POWERTRAIN_M07_02,1.0,0.0,0.0
0.85,POWERTRAIN_M08_02,1.0,0.0,0.0
0.85,POWERTRAIN_M09_02,1.0,0.0,0.0
0.85,POWERTRAIN_M10_02,0.0179,1.0,0.0351
0.85,POWERTRAIN_M11_02,0.0222,1.0,0.0435
0.85,POWERTRAIN_M12_02,0.0222,1.0,0.0435
0.85,POWERTRAIN_M13_02,0.0222,1.0,0.0435
0.85,POWERTRAIN_M14_02,0.0123,1.0,0.0244
0.85,POWERTRAIN_M15_02,1.0,0.0,0.0
0.85,POWERTRAIN_M16_02,0.0189,1.0,0.037
0.85,POWERTRAIN_M17_02,0.0208,1.0,0.0408
0.85,POWERTRAIN_M18_02,0.0122,1.0,0.0241
0.85,POWERTRAIN_M19_02,1.0,1.0,1.0
0.85,POWERTRAIN_M20_02,0.0222,1.0,0.0435
0.85,POWERTRAIN_M21_02,0.0114,1.0,0.0225
0.85,POWERTRAIN_M22_02,0.0222,1.0,0.0435
0.85,POWERTRAIN_M23_02,0.0208,1.0,0.0408
0.85,POWERTRAIN_M24_02,1.0,0.0,0.0
0.85,POWERTRAIN_M25_02,1.0,0.0,0.0
0.85,BATTERY_EV_M01_01,0.0109,1.0,0.0215
0.85,BATTERY_EV_M02_01,0.0109,1.0,0.0215
0.85,BATTERY_EV_M03_01,0.0109,1.0,0.0215
0.85,BATTERY_EV_M04_01,0.0109,1.0,0.0215
0.85,BATTERY_EV_M05_01,0.0109,1.0,0.0215
0.85,BATTERY_EV_M06_01,1.0,0.0,0.0
0.85,BATTERY_EV_M07_01,1.0,0.0,0.0
0.85,BATTERY_EV_M08_01,1.0,0.0,0.0
0.85,BATTERY_EV_M09_01,1.0,0.0,0.0
0.85,BATTERY_EV_M10_01,0.0112,1.0,0.0222
0.85,BATTERY_EV_M11_01,0.0112,1.0,0.0222
0.85,BATTERY_EV_M12_01,0.0112,1.0,0.0222
0.85,BATTERY_EV_M13_01,0.0112,1.0,0.0222
0.85,BATTERY_EV_M14_01,0.0106,1.0,0.0211
0.85,BATTERY_EV_M15_01,1.0,0.0,0.0
0.85,BATTERY_EV_M16_01,0.0112,1.0,0.0222
0.85,BATTERY_EV_M17_01,0.0109,1.0,0.0215
0.85,BATTERY_EV_M18_01,0.0109,1.0,0.0215
0.85,BATTERY_EV_M19_01,1.0,1.0,1.0
0.85,BATTERY_EV_M20_01,0.0111,1.0,0.022
0.85,BATTERY_EV_M21_01,0.0112,1.0,0.0222
0.85,BATTERY_EV_M22_01,0.0112,1.0,0.0222
0.85,BATTERY_EV_M23_01,0.0109,1.0,0.0215
0.85,BATTERY_EV_M24_01,1.0,0.0,0.0
0.85,BATTERY_EV_M25_01,1.0,0.0,0.0
0.85,BATTERY_EV_M01_02,0.0109,1.0,0.0215
0.85,BATTERY_EV_M02_02,0.0109,1.0,0.0215
0.85,BATTERY_EV_M03_02,0.0109,1.0,0.0215
0.85,BATTERY_EV_M04_02,0.0109,1.0,0.0215
0.85,BATTERY_EV_M05_02,0.0109,1.0,0.0215
0.85,BATTERY_EV_M06_02,1.0,0.0,0.0
0.85,BATTERY_EV_M07_02,1.0,0.0,0.0
0.85,BATTERY_EV_M08_02,1.0,0.0,0.0
0.85,BATTERY_EV_M09_02,1.0,0.0,0.0
0.85,BATTERY_EV_M10_02,0.0112,1.0,0.0222
0.85,BATTERY_EV_M11_02,0.0112,1.0,0.0222
0.85,BATTERY_EV_M12_02,0.0112,1.0,0.0222
0.85,BATTERY_EV_M13_02,0.0112,1.0,0.0222
0.85,BATTERY_EV_M14_02,0.0109,1.0,0.0215
0.85,BATTERY_EV_M15_02,1.0,0.0,0.0
0.85,BATTERY_EV_M16_02,0.0112,1.0,0.0222
0.85,BATTERY_EV_M17_02,0.0109,1.0,0.0215
0.85,BATTERY_EV_M18_02,0.0109,1.0,0.0215
0.85,BATTERY_EV_M19_02,1.0,1.0,1.0
0.85,BATTERY_EV_M20_02,0.0112,1.0,0.0222
0.85,BATTERY_EV_M21_02,0.0112,1.0,0.0222
0.85,BATTERY_EV_M22_02,0.0112,1.0,0.0222
0.85,BATTERY_EV_M23_02,0.0109,1.0,0.0215
0.85,BATTERY_EV_M24_02,1.0,0.0,0.0
0.85,BATTERY_EV_M25_02,1.0,0.0,0.0
