benchmark_class,method,recall,precision,f1,false_positive_rate,test_reduction
AMBIGUOUS,B0_Full_Suite,0.0,0.0,0.0,1.0,0.0
AMBIGUOUS,B1_Keyword,0.0833,0.0833,0.0833,0.9167,0.9285
AMBIGUOUS,B2_Raw_Embedding,0.0,0.0,0.0,1.0,0.8591
AMBIGUOUS,B3_Graph_Only,1.0,1.0,1.0,0.0,1.0
AMBIGUOUS,B4_Contextual_Embedding,0.0,0.0,0.0,1.0,0.8596
AMBIGUOUS,B5_AURA_Hybrid,1.0,1.0,1.0,0.0,0.8596
EXPLICIT_STRUCTURAL,B0_Full_Suite,1.0,0.0037,0.0074,1.0,0.0
EXPLICIT_STRUCTURAL,B1_Keyword,0.025,0.001,0.0019,0.9917,0.3812
EXPLICIT_STRUCTURAL,B2_Raw_Embedding,0.0083,0.0008,0.0015,0.9992,0.6725
EXPLICIT_STRUCTURAL,B3_Graph_Only,0.75,0.0478,0.0898,0.8,0.8922
EXPLICIT_STRUCTURAL,B4_Contextual_Embedding,0.0333,0.0033,0.0061,0.9967,0.6776
EXPLICIT_STRUCTURAL,B5_AURA_Hybrid,0.75,0.0478,0.0898,0.8,0.8922
HIDDEN_SEMANTIC,B0_Full_Suite,1.0,0.003,0.006,1.0,0.0
HIDDEN_SEMANTIC,B1_Keyword,0.32,0.0221,0.0343,0.564,0.8565
HIDDEN_SEMANTIC,B2_Raw_Embedding,0.2,0.02,0.0364,0.98,0.8708
HIDDEN_SEMANTIC,B3_Graph_Only,0.0,0.0,0.0,0.0,0.987
HIDDEN_SEMANTIC,B4_Contextual_Embedding,0.4067,0.0407,0.0739,0.9593,0.8644
HIDDEN_SEMANTIC,B5_AURA_Hybrid,0.4067,0.0407,0.0739,0.9593,0.8644
SEMANTIC_DECOY,B0_Full_Suite,1.0,0.0,0.0,1.0,0.0
SEMANTIC_DECOY,B1_Keyword,1.0,0.1,0.1,0.9,0.9084
SEMANTIC_DECOY,B2_Raw_Embedding,1.0,0.0,0.0,1.0,0.8661
SEMANTIC_DECOY,B3_Graph_Only,1.0,1.0,1.0,0.0,1.0
SEMANTIC_DECOY,B4_Contextual_Embedding,1.0,0.0,0.0,1.0,0.8646
SEMANTIC_DECOY,B5_AURA_Hybrid,1.0,1.0,1.0,0.0,1.0
