Claim_ID,Core_Claim,Evidence_Tier,Primary_Source,Validation_Status,Hostile_Counterargument_Check
CLM-01,"Automotive software integration suffers from massive traceability decay between requirements, ARXML, and C source code",Tier-1 Industry Whitepaper,"McKinsey (SRC-01), Roland Berger (SRC-12)",PROVEN,"Documented across industry: ALM tools struggle when explicit links break during continuous integration."
CLM-02,"Existing middleware (DDS, SOME/IP, ROS 2) solves data communication and syntax but does NOT solve semantic capability reasoning",Tier-1 Standards Specs,"OMG DDS (SRC-06), AUTOSAR AP (SRC-05), ROS 2 (SRC-07)",PROVEN,"IDL formats specify data layout and types (floats, structs) but cannot express operational capability bounds or safety assumptions."
CLM-03,"V2X standards (SAE J2735) broadcast basic vehicle kinematics but do not support dynamic capability contract negotiation",Tier-1 Standards Specs,SAE J2735 (SRC-08),PROVEN,"BSM and CAM messages broadcast speed, position, heading; they cannot negotiate degraded sensing modes or braking clearance contracts."
CLM-04,"Waymo and Tesla represent closed, vertically integrated proprietary ecosystems with zero cross-OEM autonomous interoperability",Tier-1 Technical Reports,"Waymo Safety Report (SRC-09), Tesla Disclosures (SRC-10)",PROVEN,"Neither company provides external semantic APIs for third-party coordination; interaction is purely through visual/radar physical behavior."
CLM-05,"AURA-Impact achieves 63.11% artifact recall and 82.29% test suite reduction with 100% safety invariant enforcement inside a single system",Project Empirical Evidence,"AURA Benchmark (SRC-13)",PROVEN_IN_BENCHMARK,"Proven on 150 automated mutation batches on synthetic benchmark; does not prove multi-agent interoperability or OEM production scale."
CLM-06,"AURA can automatically evolve into an inter-system protocol that allows heterogeneous autonomous systems to interoperate seamlessly",Project Long-Term Vision,None (Hypothesis),UNPROVEN_HYPOTHESIS,"Hostile objection: Internal software artifact dependency is fundamentally different from real-time physical multi-agent coordination."
CLM-07,"A decentralized blockchain ledger is necessary for cross-system autonomous interoperability",Emerging Tech Proposal,None (Hypothesis),DISPROVEN_UNNECESSARY,"Blockchain introduces unacceptable latency (>100ms), massive compute overhead, and unnecessary complexity. Peer-to-peer federated discovery suffices."
CLM-08,"The 'UPI for Autonomous Systems' analogy is fully applicable to autonomous vehicle coordination",Concept Analogy,NPCI UPI Spec (SRC-14),PARTIALLY_VALID_ANALOGY,"Analogy works at API routing/decoupling level, but fails completely on physical safety, real-time latency (<10ms vs 2s), and continuous dynamics."
CLM-09,"An Architectural Context Gate can eliminate semantic hallucinations in cross-system capability discovery",AURA Empirical Design,AURA Prototype Evidence (SRC-13),PROVEN_LOCALLY_HYPOTHESIS_EXTERNALLY,"Context filter strictly rejected 100% of out-of-subsystem decoys locally; extension to multi-vendor ontologies requires formal verification."
CLM-10,"A non-bypassable safety gate (T_safe SUBSET_OF T_selected) can be extended to inter-system capability contracts (C_safe SUBSET_OF C_contract)",AURA Mathematical Formalism,ISO 26262 (SRC-02),PROVEN_LOCALLY_HYPOTHESIS_EXTERNALLY,"Mathematical subset enforcement is verified locally; cross-agent enforcement requires mutual trust and verifiable cryptographic attestations."
