Dimension,Waymo_Driver,Tesla_FSD,NVIDIA_DRIVE_Platform
"Entity Type","Autonomous Mobility Fleet Operator (Robotaxi / Freight)","Automotive OEM / Direct Consumer Vehicle Manufacturer","Tier-2 / Tier-1 Hardware & Software Platform Provider"
"Primary Sensor Suite","Multi-LiDAR (perimeter + long-range), 360-degree cameras, imaging radar, external audio receivers","Vision-only (8 surround cameras); completely removed radar, LiDAR, and ultrasonics","Scalable reference architecture (Hyperion): 12 cameras, 9 radars, 1-3 LiDARs, 12 ultrasonics"
"Onboard Compute","Custom proprietary compute (Intel Xeon CPUs + Google TPU/NVIDIA custom accelerators)","Custom Tesla FSD Computer (HW3 / HW4): Dual custom NPU silicon (144 TOPS HW3, 300+ TOPS HW4)","DRIVE Orin (254 TOPS) / DRIVE Thor (1000-2000 TOPS) combining ARM Cortex CPUs, Blackwell/Ampere GPUs, DLA, PVA"
"Software Stack & OS","Hardened custom Linux, high-performance C++, proprietary world model & modular planning stack","Custom Linux OS, PyTorch runtime, C++ control engine, end-to-end neural network (photon-in to control-out)","DRIVE OS (QNX Safety OS / Linux), DriveWorks SDK, CUDA, TensorRT, DRIVE AV perception and planning stack"
"AI / ML Role","Hybrid: Deep learning for perception, tracking, prediction; formal rule-based & optimization for planning and safety","End-to-End: Transformer-based neural network directly outputting trajectory and vehicle controls (V12+)","Modular Deep Learning: Multi-task DNNs (DriveNet, PathNet, WaitNet) + classical geometric tracking and planning"
"Middleware & Interfaces","Proprietary low-latency IPC/RPC; zero public interface disclosures; tightly coupled internal serialization","Proprietary internal C++/shared-memory message passing; proprietary CAN bus integration; zero public external API","Open architecture: DriveWorks APIs, standard POSIX sockets, DDS support, SOME/IP, ROS 2 bridges for development"
"Safety Architecture","Hardware & compute redundancy; independent Safety Supervisor; SOTIF validation; ANSI/UL 4600 safety case","Shadow mode fleet validation; software failsafes; driver-in-the-loop monitoring (Supervised FSD)","ISO 26262 ASIL-D certified compute; lockstep ARM Cortex-R safety islands monitoring GPU/DLA outputs"
"Simulation & Validation","Simulation City: Billions of simulated miles, scenario permutation, digital twin cities","Massive fleet simulation, reconstruction of fleet edge-case video clips in virtual engine","NVIDIA Omniverse / DRIVE Sim: Physically-based sensor simulation, software-in-the-loop (SIL), hardware-in-the-loop (HIL)"
"Fleet Learning Loop","Centrally managed commercial fleet data ingestion; selective edge-case uploading","Over-the-Air (OTA) shadow mode triggers across millions of customer vehicles feeding Dojo / H100 clusters","Ecosystem model: Tools provided to OEMs; OEMs manage their own proprietary fleet data loops"
"Modularity & Interoperability","Strictly closed, vertically integrated monolithic ecosystem; zero external semantic interoperability","Completely closed, vertically integrated proprietary stack; anti-standard (rejects V2X, LiDAR, HD maps)","Highly modular platform; enables Tier-1s and OEMs (Mercedes, Volvo, JLR) to mix-and-match stack layers"
"Standards Compliance","ANSI/UL 4600, SAE J3016 Level 4, standard road traffic law compliance; proprietary internal standards","Rejects most automotive consortium standards; proprietary hardware/software interfaces","ISO 26262 ASIL-D, ISO 21434, AUTOSAR Classic and Adaptive support, ASAM OpenDRIVE / OpenSCENARIO"
"Public vs Inferred vs Unknown","Public: Sensor layouts, safety reports, testing miles. Inferred: High-level compute topology. Unknown: Low-level IPC and internal planner code","Public: Camera placements, HW3/HW4 specs, neural net architecture talks. Inferred: Low-level scheduler. Unknown: Exact weights, internal safety supervisor thresholds","Public: Full developer docs, DriveWorks APIs, hardware block diagrams, safety manuals. Unknown: OEM proprietary custom application layers"
"Interoperability Assessment","Zero desire to interoperate externally; relies strictly on visual perception of other traffic participants","Zero desire to interoperate; philosophically committed to pure vision intelligence navigating human roads","Enables intra-vehicle interoperability; but cross-OEM semantic layer running on DRIVE remains fragmented"
