Technology,Primary_Layer,Transport_and_Serialization,Discovery_Mechanism,QoS_Determinism,Semantic_Understanding,Capability_Modeling,Safety_Enforcement,Cross_Vendor_Dependency_Reasoning,What_It_Solves,What_It_Does_NOT_Solve
"CAN / CAN-FD",Data Link / Physical,"Binary bitstream (up to 64 bytes)",None (Static DBC configuration),High (Bitwise priority arbitration),Zero (Raw integers/bytes),Zero,None (CRC only),Zero,"Deterministic frame delivery on shared wire","No dynamic discovery, no serialization semantics, no capability models"
"Automotive Ethernet (TSN)",Transport / Network,"IEEE 802.3 packets, AVB/TSN traffic shaping",None (Static network configuration),Very High (Bounded microsecond latency),Zero (Raw IP packets),Zero,None (Network level only),Zero,"High-bandwidth deterministic packet transport","No application awareness, no service discovery, no semantic contracts"
"SOME/IP",Middleware / Service,"Binary serialization over UDP/TCP",SOME/IP-SD (Dynamic service discovery),Medium (Basic timeouts),Zero (Syntactic IDL only),Zero,None (Requires external safety supervisor),Zero,"In-vehicle RPC and pub/sub for AUTOSAR Classic/Adaptive","No semantic understanding of data, no safety contract negotiation, intra-vehicle focus"
"OMG DDS",Middleware,"CDR serialization over RTPS (UDP/TCP/SHM)",Built-in SPDP / SEDP decentralized discovery,Very High (22 QoS policies: deadline, liveliness, reliability),Low (Data types known, but meaning unknown),Zero,None (QoS is performance, not ISO 26262 safety),Zero,"High-throughput, real-time decentralized pub/sub with QoS","No semantic reasoning, no operational capability modeling, no cross-system dependency tracking"
"ROS 2",Robotics Framework,"DDS-based (CDR serialization over RTPS)",Inherited from underlying DDS,High (Configurable QoS profiles),Low (Standard msg/srv definitions, e.g., Twist),Low (Actions have feedback, but no capability bounds),None (Zero ISO 26262 certification),Low (Computational graph only),"Robotics developer abstraction, sensor/actuator plumbing","No formal safety guarantees, no cross-vendor semantic validation, no change impact analysis"
"OPC UA",Industrial IoT,"Binary / XML / JSON serialization",Local Discovery Server (LDS) / Multicast,Medium (Pub/Sub TSN extension available),High (Rich object-oriented address space ontology),Medium (Asset Administration Shell modeling),Partial (Functional Safety over OPC UA profile),Low (Static semantic links),"Semantic object modeling for factory automation","Too heavy for automotive edge latency, no dynamic autonomous ODD negotiation, industrial not automotive"
"MQTT",Cloud / Telematics,"Binary / UTF-8 string over TCP/TLS",None (Requires central broker and known topic names),Low (QoS 0, 1, 2 over TCP),Zero (Topic strings only, payload agnostic),Zero,None,Zero,"Lightweight client-to-cloud telemetry ingestion","Central broker latency bottleneck, zero real-time peer-to-peer autonomy, zero safety"
"C-V2X / DSRC",V2X Communication,"SAE J2735 / ASN.1 PER encoding over PC5",Broadcast beaconing (Periodic BSM/CAM),Low (Best-effort wireless broadcast),Medium (Standardized kinematics: speed, pos, heading),Low (Static vehicle type only),Low (Advisory only; no safety critical contracts),Zero,"Basic situational awareness broadcast between road users","No capability negotiation, no degraded mode agreements, no software dependency reasoning"
"ISO 23150",Sensor Abstraction,"Standardized logical interfaces for perception",None (Static interface definition),Medium (Dependent on implementation middleware),High (Standardized radar/camera/LiDAR object lists),Medium (Sensor field of view and accuracy bounds),Low (Specification only; relies on E/E architecture),Zero,"Consistent logical interface between sensors and fusion units","Intra-vehicle sensor interface only; does not extend to multi-agent autonomous negotiation"
"AURA-Impact (Current)",Internal System Intelligence,"Internal Python/C++ graph & in-memory vectors",Local graph node indexing,High (0.79 ms mean execution latency),High (Domain-aware hash vectorizer + Context Gate),High (Internal SWC and requirement dependencies),Very High (Formal safety invariant: T_safe SUBSET_OF T_selected),High (Internal cross-subsystem dependency graph),"Internal change impact, unlinked semantic dependency recovery, safe regression test reduction","Does not operate across network boundaries; single-system internal development tool"
"Proposed AURA Interoperability Layer",Cross-System Semantic & Safety Layer,"AURA Semantic Manifest over DDS / SOME/IP / C-V2X",Federated peer discovery with context-constrained matching,High (Sub-5ms capability matching target),Very High (Multi-domain contextual ontology + vector hash),Very High (Machine-readable ODD, safety bounds, deceleration envelopes),Very High (Cross-agent safety contract gate: C_safe SUBSET_OF C_contract),Very High (System-of-systems dependency and change propagation),"Cross-system capability discovery, semantic decoy rejection, safe capability negotiation","Higher-layer only; requires underlying DDS/TSN/C-V2X transport; does not replace communication rails"
