Dimension_ID,Interoperability_Dimension,Existing_Solutions,What_Is_Solved,Exact_Limitation_or_Defect,Gap_Classification,AURA_Candidate_Role
GAP-01,"Physical & Bit-Level Data Transport","Automotive Ethernet, CAN-FD, C-V2X PC5, Wi-Fi 6, 5G NR","High-bandwidth, deterministic transmission of raw packets and frames","Zero understanding of packet content or meaning","A. Already Solved","NONE: AURA must never attempt to build transport rails; must run on top of existing physical links."
GAP-02,"Syntactic Data Serialization & RPC","OMG DDS, SOME/IP, ROS 2, gRPC, Protocol Buffers","Standardized byte packing, type schemas (IDLs), pub/sub routing, and RPC endpoints","Specifies data types (float, int) but conveys zero semantic meaning or operational capability bounds","A. Already Solved","NONE: AURA must leverage DDS or SOME/IP for wire serialization rather than inventing a new parser."
GAP-03,"In-Vehicle Component Service Discovery","SOME/IP-SD, DDS SPDP/SEDP, ROS 2 Discovery","Dynamic binding of endpoints and microservices within an ECU or local vehicle network","Limited to local IP broadcast; no concept of cross-system safety contracts or multi-vendor capabilities","B. Partially Solved","INTEGRATION: AURA can hook into service discovery events to exchange high-level capability manifests."
GAP-04,"Standardized Sensor Object Data","ISO 23150, ASAM OSI","Standardized coordinate frames and data formats for radar/camera/LiDAR bounding boxes","Intra-vehicle sensor-to-fusion only; does not extend to multi-agent negotiation or cross-system dependency","B. Partially Solved","REUSE: AURA can ingest ISO 23150 object definitions as base semantic ontology primitives."
GAP-05,"Basic Vehicle Kinematics Broadcast","SAE J2735 V2X (BSM/CAM), ETSI ITS-G5","Periodic broadcast of speed, position, heading, and hazard alerts to nearby road users","Advisory only; cannot negotiate collaborative maneuvers, degraded modes, or safety clearance contracts","B. Partially Solved","EXTENSION: AURA can provide a semantic contract layer over V2X broadcast channels."
GAP-06,"Robotics Semantic Knowledge Graphs","KnowRob, IEEE 1872-2015 CORA, W3C OWL/RDF","Formal ontological modeling of physical concepts, relationships, and spatial environments","Static, heavyweight semantic web technologies; zero real-time guarantees (<10ms), zero ISO 26262 safety gate","C. Related but Different","DIFFERENTIATOR: AURA replaces heavyweight RDF/OWL reasoning with deterministic domain hashing and hard context gates."
GAP-07,"Cross-System Capability & ODD Negotiation","Ad-hoc bilateral agreements, custom fleet dispatch APIs","Vendor-specific coordination between identical vehicles within a closed fleet (e.g. Waymo fleet)","Zero standard for heterogeneous multi-vendor systems to exchange dynamic capabilities, ODD limits, and degraded states","D. Genuine Gap Candidate","CORE PROPOSAL: AURA Semantic Manifest and Context Gate provide lightweight, edge-executable capability negotiation."
GAP-08,"Multi-Agent Safety Invariant Verification","Responsibility-Sensitive Safety (RSS), Safety Force Field (SFF)","Mathematical safety models for single-agent path planning against passive obstacles","Assumes physical obstacles; cannot verify whether an external autonomous agent's negotiated software contract preserves ISO 26262 invariants","D. Genuine Gap Candidate","CORE PROPOSAL: Non-bypassable Safety Gate (C_safe SUBSET_OF C_contract) ensuring external agreements cannot violate internal safety rules."
GAP-09,"Cross-System Software Dependency & Change Propagation","ISO 24089, Over-the-Air (OTA) update frameworks","Package delivery, cryptographic signing, and installation of firmware on an isolated vehicle","When an external infrastructure or partner vehicle updates its capability, dependent systems have zero automated impact analysis","D. Genuine Gap Candidate","CORE PROPOSAL: Extends AURA-Impact's proven internal change impact graph to cross-system capability dependencies."
GAP-10,"Multi-Vendor Autonomous Liability & Provenance Tracking","ISO 21434, Blockchain logging proposals","Cryptographic audit trails and cybersecurity threat analysis","Blockchain is too slow/heavy for real-time autonomy; centralized logging creates single points of failure","D. Genuine Gap Candidate","CORE PROPOSAL: Lightweight cryptographic attestations attached to AURA Semantic Manifests without distributed ledger overhead."
