ID,Claim,Source,Date,Source_Type,URL_or_Reference,Evidence_Strength,Used_In_Section
SRC-01,"Automotive software complexity exceeds 100M+ lines of code across 100+ distributed ECUs in modern high-end vehicles",McKinsey & Company / IEEE Software,2021,Tier-1 Industry Whitepaper,"McKinsey Center for Future Mobility: 'The race to software-defined vehicles'",HIGH,"02, 11, 20"
SRC-02,"ISO 26262 functional safety standard governs electrical and electronic systems in road vehicles up to ASIL-D",International Organization for Standardization (ISO),2018,Tier-1 Official Standard,ISO 26262:2018 Parts 1-12,VERY_HIGH,"01, 07, 09, 14"
SRC-03,"ISO 21448 addresses Safety of the Intended Functionality (SOTIF) including performance limitations of sensors and perception algorithms",International Organization for Standardization (ISO),2022,Tier-1 Official Standard,ISO 21448:2022 Road Vehicles - SOTIF,VERY_HIGH,"02, 07, 10"
SRC-04,"ISO 23150 standardizes logical interfaces between environmental sensors and data fusion units for automated driving",International Organization for Standardization (ISO),2021,Tier-1 Official Standard,ISO 23150:2021 Data communication between sensors and fusion unit,HIGH,"04, 07, 08"
SRC-05,"AUTOSAR Adaptive Platform specifies Service-Oriented Architecture (ara::com) over SOME/IP and DDS for high-compute POSIX microcontrollers",AUTOSAR Development Partnership,2023,Tier-1 Standards Specification,AUTOSAR AP Release R23-11 (FO/AP Explanations),VERY_HIGH,"04, 07, 14"
SRC-06,"OMG Data Distribution Service (DDS) provides real-time publish-subscribe with 22 configurable Quality of Service (QoS) policies",Object Management Group (OMG),2015,Tier-1 Standards Specification,OMG DDS v1.4 / DDSI-RTPS v2.3,VERY_HIGH,"04, 07, 14"
SRC-07,"ROS 2 architecture utilizes DDS implementations as the default communications middleware layer",Open Robotics / IEEE Robotics & Automation Magazine,2022,Tier-1 Peer-Reviewed Conference / Survey,"Macenski et al., 'Robot Operating System 2: Design, architecture, and uses'",HIGH,"04, 07, 14"
SRC-08,"SAE J2735 standardizes V2X message sets including Basic Safety Message (BSM) and Cooperative Awareness Message (CAM)",SAE International,2020,Tier-1 Standards Specification,SAE J2735:202007 V2X Communications Message Set Dictionary,VERY_HIGH,"04, 07, 10"
SRC-09,"Waymo 5th and 6th generation Driver utilizes proprietary multi-LiDAR, radar, and camera sensor suite with custom onboard compute",Waymo LLC Technical Documentation & Safety Report,2024,Tier-1 Company Technical Report,"Waymo Safety Report: 'Safety Methodologies and Design'",HIGH,"03, 04, 08"
SRC-10,"Tesla FSD V12 utilizes end-to-end vision-based neural networks directly mapping photon inputs to vehicle steering and acceleration controls",Tesla Inc. AI Day / Patents,2023,Tier-1 Company Technical Disclosure,"Tesla AI Day Disclosures & US Patent 20230286520A1",MEDIUM_HIGH,"03, 05, 08"
SRC-11,"NVIDIA DRIVE platform provides DRIVE Orin / Thor SoCs with DRIVE OS, DriveWorks middleware, and safety microcontrollers",NVIDIA Corporation,2024,Tier-1 Technical Documentation,"NVIDIA DRIVE OS 6.0 and DriveWorks SDK Architecture Guide",VERY_HIGH,"03, 06, 08"
SRC-12,"40% to 50% of automotive OEM software development budgets are spent on software integration, testing, and debugging",Roland Berger / Strategy& (PwC),2022,Tier-1 Industry Economic Analysis,"Roland Berger: 'Automotive Software Survey: Integration Bottlenecks'",HIGH,"02, 11, 13"
SRC-13,"AURA-Impact canonical benchmark validates 63.11% recall, 54.92% precision, 82.29% test reduction, 100% safety invariant (150/150)",AURA-Impact Research Project (Frozen Release),2026,Project Empirical Evidence,"benchmark/final/outputs/summary_table.csv / artifacts/final_benchmark_results.json",VERY_HIGH,"01, 09, 12"
SRC-14,"Unified Payments Interface (UPI) specifies a standardized API and identity layer over IMPS/NPCI banking rails for interoperable payments",National Payments Corporation of India (NPCI),2016,Tier-1 Technical Specification,"NPCI Unified Payments Interface (UPI) System Architecture v1.6",HIGH,"15"
SRC-15,"ASAM OpenDRIVE and ASAM OSI define open standards for static road descriptions and sensor interface object data in virtual test environments",Association for Standardization of Automation and Measuring Systems (ASAM),2023,Tier-1 Standards Specification,"ASAM OpenDRIVE v1.7 / ASAM Open Simulation Interface (OSI) v3.5",HIGH,"04, 07"
SRC-16,"IEEE 1872-2015 standardizes Core Ontologies for Robotics and Automation (CORA) for conceptual semantic modeling",IEEE Standards Association,2015,Tier-1 Standards Specification,"IEEE Std 1872-2015 - Standard Ontologies for Robotics and Automation",HIGH,"05, 07, 14"
SRC-17,"Decentralized identity and verifiable credentials specification allows cryptographic verification of entity claims without central authority",World Wide Web Consortium (W3C),2022,Tier-1 Standards Specification,W3C Decentralized Identifiers (DIDs) v1.0 / Verifiable Credentials v1.1,HIGH,"16"
SRC-18,"Responsibility-Sensitive Safety (RSS) formalizes mathematical bounds on safe following distances, lateral clearance, and right-of-way",Shalev-Shwartz et al. (Mobileye / Intel),2017,Tier-1 Peer-Reviewed Conference,"On a Formal Model of Safe and Scalable Self-driving Cars (arXiv:1708.06374)",HIGH,"02, 07, 12"
SRC-19,"ISO 24089 standardizes software update engineering for road vehicles, establishing processes for safe OTA delivery",International Organization for Standardization (ISO),2023,Tier-1 Official Standard,ISO 24089:2023 Road Vehicles - Software update engineering,VERY_HIGH,"04, 07, 11"
SRC-20,"ISO 21434 specifies cybersecurity engineering requirements across the automotive lifecycle",International Organization for Standardization (ISO),2021,Tier-1 Official Standard,ISO/SAE 21434:2021 Road Vehicles - Cybersecurity engineering,VERY_HIGH,"04, 07, 14"
