case_id,sub_category,project_id,raw_fpr,contextual_fpr,aura_fpr,rejection_mechanism,true_dependency,status
V3_DECOY_0271,D1,BODY_ELECTRONICS,1.0,1.0,0.0,Subsystem_Domain_Isolation_Rule_2,False,PASS
V3_DECOY_0272,D2,ADAS,1.0,1.0,0.0,Subsystem_Domain_Isolation_Rule_2,False,PASS
V3_DECOY_0273,D3,POWERTRAIN,1.0,1.0,0.0,Subsystem_Domain_Isolation_Rule_2,False,PASS
V3_DECOY_0274,D4,POWERTRAIN,1.0,1.0,0.0,Subsystem_Domain_Isolation_Rule_2,False,PASS
V3_DECOY_0275,D5,ADAS,1.0,1.0,0.0,Subsystem_Domain_Isolation_Rule_2,False,PASS
V3_DECOY_0276,D6,ADAS,1.0,1.0,0.0,Subsystem_Domain_Isolation_Rule_2,False,PASS
V3_DECOY_0277,D7,POWERTRAIN,1.0,1.0,0.0,Subsystem_Domain_Isolation_Rule_2,False,PASS
V3_DECOY_0278,D8,BODY_ELECTRONICS,1.0,1.0,0.0,Subsystem_Domain_Isolation_Rule_2,False,PASS
V3_DECOY_0279,D9,ADAS,1.0,1.0,0.0,Subsystem_Domain_Isolation_Rule_2,False,PASS
V3_DECOY_0280,D10,POWERTRAIN,1.0,1.0,0.0,Subsystem_Domain_Isolation_Rule_2,False,PASS
V3_DECOY_0281,D1,BODY_ELECTRONICS,1.0,1.0,0.0,Subsystem_Domain_Isolation_Rule_2,False,PASS
V3_DECOY_0282,D2,ADAS,1.0,1.0,0.0,Subsystem_Domain_Isolation_Rule_2,False,PASS
V3_DECOY_0283,D3,POWERTRAIN,1.0,1.0,0.0,Subsystem_Domain_Isolation_Rule_2,False,PASS
V3_DECOY_0284,D4,POWERTRAIN,1.0,1.0,0.0,Subsystem_Domain_Isolation_Rule_2,False,PASS
V3_DECOY_0285,D5,ADAS,1.0,1.0,0.0,Subsystem_Domain_Isolation_Rule_2,False,PASS
V3_DECOY_0286,D6,ADAS,1.0,1.0,0.0,Subsystem_Domain_Isolation_Rule_2,False,PASS
V3_DECOY_0287,D7,POWERTRAIN,1.0,1.0,0.0,Subsystem_Domain_Isolation_Rule_2,False,PASS
V3_DECOY_0288,D8,BODY_ELECTRONICS,1.0,1.0,0.0,Subsystem_Domain_Isolation_Rule_2,False,PASS
V3_DECOY_0289,D9,ADAS,1.0,1.0,0.0,Subsystem_Domain_Isolation_Rule_2,False,PASS
V3_DECOY_0290,D10,POWERTRAIN,1.0,1.0,0.0,Subsystem_Domain_Isolation_Rule_2,False,PASS
V3_DECOY_0291,D1,BODY_ELECTRONICS,1.0,1.0,0.0,Subsystem_Domain_Isolation_Rule_2,False,PASS
V3_DECOY_0292,D2,ADAS,1.0,1.0,0.0,Subsystem_Domain_Isolation_Rule_2,False,PASS
V3_DECOY_0293,D3,POWERTRAIN,1.0,1.0,0.0,Subsystem_Domain_Isolation_Rule_2,False,PASS
V3_DECOY_0294,D4,POWERTRAIN,1.0,1.0,0.0,Subsystem_Domain_Isolation_Rule_2,False,PASS
V3_DECOY_0295,D5,ADAS,1.0,1.0,0.0,Subsystem_Domain_Isolation_Rule_2,False,PASS
V3_DECOY_0296,D6,ADAS,1.0,1.0,0.0,Subsystem_Domain_Isolation_Rule_2,False,PASS
V3_DECOY_0297,D7,POWERTRAIN,1.0,1.0,0.0,Subsystem_Domain_Isolation_Rule_2,False,PASS
V3_DECOY_0298,D8,BODY_ELECTRONICS,1.0,1.0,0.0,Subsystem_Domain_Isolation_Rule_2,False,PASS
V3_DECOY_0299,D9,ADAS,1.0,1.0,0.0,Subsystem_Domain_Isolation_Rule_2,False,PASS
V3_DECOY_0300,D10,POWERTRAIN,1.0,1.0,0.0,Subsystem_Domain_Isolation_Rule_2,False,PASS
V3_DECOY_0301,D1,BODY_ELECTRONICS,1.0,1.0,0.0,Subsystem_Domain_Isolation_Rule_2,False,PASS
V3_DECOY_0302,D2,ADAS,1.0,1.0,0.0,Subsystem_Domain_Isolation_Rule_2,False,PASS
V3_DECOY_0303,D3,POWERTRAIN,1.0,1.0,0.0,Subsystem_Domain_Isolation_Rule_2,False,PASS
V3_DECOY_0304,D4,POWERTRAIN,1.0,1.0,0.0,Subsystem_Domain_Isolation_Rule_2,False,PASS
V3_DECOY_0305,D5,ADAS,1.0,1.0,0.0,Subsystem_Domain_Isolation_Rule_2,False,PASS
V3_DECOY_0306,D6,ADAS,1.0,1.0,0.0,Subsystem_Domain_Isolation_Rule_2,False,PASS
V3_DECOY_0307,D7,POWERTRAIN,1.0,1.0,0.0,Subsystem_Domain_Isolation_Rule_2,False,PASS
V3_DECOY_0308,D8,BODY_ELECTRONICS,1.0,1.0,0.0,Subsystem_Domain_Isolation_Rule_2,False,PASS
V3_DECOY_0309,D9,ADAS,1.0,1.0,0.0,Subsystem_Domain_Isolation_Rule_2,False,PASS
V3_DECOY_0310,D10,POWERTRAIN,1.0,1.0,0.0,Subsystem_Domain_Isolation_Rule_2,False,PASS
V3_DECOY_0311,D1,BODY_ELECTRONICS,1.0,1.0,0.0,Subsystem_Domain_Isolation_Rule_2,False,PASS
V3_DECOY_0312,D2,ADAS,1.0,1.0,0.0,Subsystem_Domain_Isolation_Rule_2,False,PASS
V3_DECOY_0313,D3,POWERTRAIN,1.0,1.0,0.0,Subsystem_Domain_Isolation_Rule_2,False,PASS
V3_DECOY_0314,D4,POWERTRAIN,1.0,1.0,0.0,Subsystem_Domain_Isolation_Rule_2,False,PASS
V3_DECOY_0315,D5,ADAS,1.0,1.0,0.0,Subsystem_Domain_Isolation_Rule_2,False,PASS
V3_DECOY_0316,D6,ADAS,1.0,1.0,0.0,Subsystem_Domain_Isolation_Rule_2,False,PASS
V3_DECOY_0317,D7,POWERTRAIN,1.0,1.0,0.0,Subsystem_Domain_Isolation_Rule_2,False,PASS
V3_DECOY_0318,D8,BODY_ELECTRONICS,1.0,1.0,0.0,Subsystem_Domain_Isolation_Rule_2,False,PASS
V3_DECOY_0319,D9,ADAS,1.0,1.0,0.0,Subsystem_Domain_Isolation_Rule_2,False,PASS
V3_DECOY_0320,D10,POWERTRAIN,1.0,1.0,0.0,Subsystem_Domain_Isolation_Rule_2,False,PASS
V3_DECOY_0321,D1,BODY_ELECTRONICS,1.0,1.0,0.0,Subsystem_Domain_Isolation_Rule_2,False,PASS
V3_DECOY_0322,D2,ADAS,1.0,1.0,0.0,Subsystem_Domain_Isolation_Rule_2,False,PASS
V3_DECOY_0323,D3,POWERTRAIN,1.0,1.0,0.0,Subsystem_Domain_Isolation_Rule_2,False,PASS
V3_DECOY_0324,D4,POWERTRAIN,1.0,1.0,0.0,Subsystem_Domain_Isolation_Rule_2,False,PASS
V3_DECOY_0325,D5,ADAS,1.0,1.0,0.0,Subsystem_Domain_Isolation_Rule_2,False,PASS
V3_DECOY_0326,D6,ADAS,1.0,1.0,0.0,Subsystem_Domain_Isolation_Rule_2,False,PASS
V3_DECOY_0327,D7,POWERTRAIN,1.0,1.0,0.0,Subsystem_Domain_Isolation_Rule_2,False,PASS
V3_DECOY_0328,D8,BODY_ELECTRONICS,1.0,1.0,0.0,Subsystem_Domain_Isolation_Rule_2,False,PASS
V3_DECOY_0329,D9,ADAS,1.0,1.0,0.0,Subsystem_Domain_Isolation_Rule_2,False,PASS
V3_DECOY_0330,D10,POWERTRAIN,1.0,1.0,0.0,Subsystem_Domain_Isolation_Rule_2,False,PASS
V3_DECOY_0331,D1,BODY_ELECTRONICS,1.0,1.0,0.0,Subsystem_Domain_Isolation_Rule_2,False,PASS
V3_DECOY_0332,D2,ADAS,1.0,1.0,0.0,Subsystem_Domain_Isolation_Rule_2,False,PASS
V3_DECOY_0333,D3,POWERTRAIN,1.0,1.0,0.0,Subsystem_Domain_Isolation_Rule_2,False,PASS
V3_DECOY_0334,D4,POWERTRAIN,1.0,1.0,0.0,Subsystem_Domain_Isolation_Rule_2,False,PASS
V3_DECOY_0335,D5,ADAS,1.0,1.0,0.0,Subsystem_Domain_Isolation_Rule_2,False,PASS
V3_DECOY_0336,D6,ADAS,1.0,1.0,0.0,Subsystem_Domain_Isolation_Rule_2,False,PASS
V3_DECOY_0337,D7,POWERTRAIN,1.0,1.0,0.0,Subsystem_Domain_Isolation_Rule_2,False,PASS
V3_DECOY_0338,D8,BODY_ELECTRONICS,1.0,1.0,0.0,Subsystem_Domain_Isolation_Rule_2,False,PASS
V3_DECOY_0339,D9,ADAS,1.0,1.0,0.0,Subsystem_Domain_Isolation_Rule_2,False,PASS
V3_DECOY_0340,D10,POWERTRAIN,1.0,1.0,0.0,Subsystem_Domain_Isolation_Rule_2,False,PASS
V3_DECOY_0341,D1,BODY_ELECTRONICS,1.0,1.0,0.0,Subsystem_Domain_Isolation_Rule_2,False,PASS
V3_DECOY_0342,D2,ADAS,1.0,1.0,0.0,Subsystem_Domain_Isolation_Rule_2,False,PASS
V3_DECOY_0343,D3,POWERTRAIN,1.0,1.0,0.0,Subsystem_Domain_Isolation_Rule_2,False,PASS
V3_DECOY_0344,D4,POWERTRAIN,1.0,1.0,0.0,Subsystem_Domain_Isolation_Rule_2,False,PASS
V3_DECOY_0345,D5,ADAS,1.0,1.0,0.0,Subsystem_Domain_Isolation_Rule_2,False,PASS
V3_DECOY_0346,D6,ADAS,1.0,1.0,0.0,Subsystem_Domain_Isolation_Rule_2,False,PASS
V3_DECOY_0347,D7,POWERTRAIN,1.0,1.0,0.0,Subsystem_Domain_Isolation_Rule_2,False,PASS
V3_DECOY_0348,D8,BODY_ELECTRONICS,1.0,1.0,0.0,Subsystem_Domain_Isolation_Rule_2,False,PASS
V3_DECOY_0349,D9,ADAS,1.0,1.0,0.0,Subsystem_Domain_Isolation_Rule_2,False,PASS
V3_DECOY_0350,D10,POWERTRAIN,1.0,1.0,0.0,Subsystem_Domain_Isolation_Rule_2,False,PASS
V3_DECOY_0351,D1,BODY_ELECTRONICS,1.0,1.0,0.0,Subsystem_Domain_Isolation_Rule_2,False,PASS
V3_DECOY_0352,D2,ADAS,1.0,1.0,0.0,Subsystem_Domain_Isolation_Rule_2,False,PASS
V3_DECOY_0353,D3,POWERTRAIN,1.0,1.0,0.0,Subsystem_Domain_Isolation_Rule_2,False,PASS
V3_DECOY_0354,D4,POWERTRAIN,1.0,1.0,0.0,Subsystem_Domain_Isolation_Rule_2,False,PASS
V3_DECOY_0355,D5,ADAS,1.0,1.0,0.0,Subsystem_Domain_Isolation_Rule_2,False,PASS
V3_DECOY_0356,D6,ADAS,1.0,1.0,0.0,Subsystem_Domain_Isolation_Rule_2,False,PASS
V3_DECOY_0357,D7,POWERTRAIN,1.0,1.0,0.0,Subsystem_Domain_Isolation_Rule_2,False,PASS
V3_DECOY_0358,D8,BODY_ELECTRONICS,1.0,1.0,0.0,Subsystem_Domain_Isolation_Rule_2,False,PASS
V3_DECOY_0359,D9,ADAS,1.0,1.0,0.0,Subsystem_Domain_Isolation_Rule_2,False,PASS
V3_DECOY_0360,D10,POWERTRAIN,1.0,1.0,0.0,Subsystem_Domain_Isolation_Rule_2,False,PASS
V3_DECOY_0361,D1,BODY_ELECTRONICS,1.0,1.0,0.0,Subsystem_Domain_Isolation_Rule_2,False,PASS
V3_DECOY_0362,D2,ADAS,1.0,1.0,0.0,Subsystem_Domain_Isolation_Rule_2,False,PASS
V3_DECOY_0363,D3,POWERTRAIN,1.0,1.0,0.0,Subsystem_Domain_Isolation_Rule_2,False,PASS
V3_DECOY_0364,D4,POWERTRAIN,1.0,1.0,0.0,Subsystem_Domain_Isolation_Rule_2,False,PASS
V3_DECOY_0365,D5,ADAS,1.0,1.0,0.0,Subsystem_Domain_Isolation_Rule_2,False,PASS
V3_DECOY_0366,D6,ADAS,1.0,1.0,0.0,Subsystem_Domain_Isolation_Rule_2,False,PASS
V3_DECOY_0367,D7,POWERTRAIN,1.0,1.0,0.0,Subsystem_Domain_Isolation_Rule_2,False,PASS
V3_DECOY_0368,D8,BODY_ELECTRONICS,1.0,1.0,0.0,Subsystem_Domain_Isolation_Rule_2,False,PASS
V3_DECOY_0369,D9,ADAS,1.0,1.0,0.0,Subsystem_Domain_Isolation_Rule_2,False,PASS
V3_DECOY_0370,D10,POWERTRAIN,1.0,1.0,0.0,Subsystem_Domain_Isolation_Rule_2,False,PASS
V3_DECOY_0371,D1,BODY_ELECTRONICS,1.0,1.0,0.0,Subsystem_Domain_Isolation_Rule_2,False,PASS
V3_DECOY_0372,D2,ADAS,1.0,1.0,0.0,Subsystem_Domain_Isolation_Rule_2,False,PASS
V3_DECOY_0373,D3,POWERTRAIN,1.0,1.0,0.0,Subsystem_Domain_Isolation_Rule_2,False,PASS
V3_DECOY_0374,D4,POWERTRAIN,1.0,1.0,0.0,Subsystem_Domain_Isolation_Rule_2,False,PASS
V3_DECOY_0375,D5,ADAS,1.0,1.0,0.0,Subsystem_Domain_Isolation_Rule_2,False,PASS
V3_DECOY_0376,D6,ADAS,1.0,1.0,0.0,Subsystem_Domain_Isolation_Rule_2,False,PASS
V3_DECOY_0377,D7,POWERTRAIN,1.0,1.0,0.0,Subsystem_Domain_Isolation_Rule_2,False,PASS
V3_DECOY_0378,D8,BODY_ELECTRONICS,1.0,1.0,0.0,Subsystem_Domain_Isolation_Rule_2,False,PASS
V3_DECOY_0379,D9,ADAS,1.0,1.0,0.0,Subsystem_Domain_Isolation_Rule_2,False,PASS
V3_DECOY_0380,D10,POWERTRAIN,1.0,1.0,0.0,Subsystem_Domain_Isolation_Rule_2,False,PASS
V3_DECOY_0381,D1,BODY_ELECTRONICS,1.0,1.0,0.0,Subsystem_Domain_Isolation_Rule_2,False,PASS
V3_DECOY_0382,D2,ADAS,1.0,1.0,0.0,Subsystem_Domain_Isolation_Rule_2,False,PASS
V3_DECOY_0383,D3,POWERTRAIN,1.0,1.0,0.0,Subsystem_Domain_Isolation_Rule_2,False,PASS
V3_DECOY_0384,D4,POWERTRAIN,1.0,1.0,0.0,Subsystem_Domain_Isolation_Rule_2,False,PASS
V3_DECOY_0385,D5,ADAS,1.0,1.0,0.0,Subsystem_Domain_Isolation_Rule_2,False,PASS
V3_DECOY_0386,D6,ADAS,1.0,1.0,0.0,Subsystem_Domain_Isolation_Rule_2,False,PASS
V3_DECOY_0387,D7,POWERTRAIN,1.0,1.0,0.0,Subsystem_Domain_Isolation_Rule_2,False,PASS
V3_DECOY_0388,D8,BODY_ELECTRONICS,1.0,1.0,0.0,Subsystem_Domain_Isolation_Rule_2,False,PASS
V3_DECOY_0389,D9,ADAS,1.0,1.0,0.0,Subsystem_Domain_Isolation_Rule_2,False,PASS
V3_DECOY_0390,D10,POWERTRAIN,1.0,1.0,0.0,Subsystem_Domain_Isolation_Rule_2,False,PASS
