mutation_id,source,target,direct_edge,indirect_path,identifier_leak,metadata_leak,comment_leak,test_mapping_leak,filename_leak,graph_blind
V3_HIDDEN_0121,REQ_VIRTUAL_0121,ADAS_Func_001,False,False,False,False,False,False,False,True
V3_HIDDEN_0122,REQ_VIRTUAL_0122,PT_Func_002,False,False,False,False,False,False,False,True
V3_HIDDEN_0123,REQ_VIRTUAL_0123,ADAS_Func_001,False,False,False,False,False,False,False,True
V3_HIDDEN_0124,REQ_VIRTUAL_0124,ADAS_Func_001,False,False,False,False,False,False,False,True
V3_HIDDEN_0125,REQ_VIRTUAL_0125,BMS_Func_001,False,False,False,False,False,False,False,True
V3_HIDDEN_0126,REQ_VIRTUAL_0126,BODY_Func_004,False,False,False,False,False,False,False,True
V3_HIDDEN_0127,REQ_VIRTUAL_0127,BMS_Func_002,False,False,False,False,False,False,False,True
V3_HIDDEN_0128,REQ_VIRTUAL_0128,PT_Func_001,False,False,False,False,False,False,False,True
V3_HIDDEN_0129,REQ_VIRTUAL_0129,ADAS_Func_005,False,False,False,False,False,False,False,True
V3_HIDDEN_0130,REQ_VIRTUAL_0130,ADAS_Func_001,False,False,False,False,False,False,False,True
V3_HIDDEN_0131,REQ_VIRTUAL_0131,ADAS_Func_001,False,False,False,False,False,False,False,True
V3_HIDDEN_0132,REQ_VIRTUAL_0132,PT_Func_002,False,False,False,False,False,False,False,True
V3_HIDDEN_0133,REQ_VIRTUAL_0133,ADAS_Func_001,False,False,False,False,False,False,False,True
V3_HIDDEN_0134,REQ_VIRTUAL_0134,ADAS_Func_001,False,False,False,False,False,False,False,True
V3_HIDDEN_0135,REQ_VIRTUAL_0135,BMS_Func_001,False,False,False,False,False,False,False,True
V3_HIDDEN_0136,REQ_VIRTUAL_0136,BODY_Func_004,False,False,False,False,False,False,False,True
V3_HIDDEN_0137,REQ_VIRTUAL_0137,BMS_Func_002,False,False,False,False,False,False,False,True
V3_HIDDEN_0138,REQ_VIRTUAL_0138,PT_Func_001,False,False,False,False,False,False,False,True
V3_HIDDEN_0139,REQ_VIRTUAL_0139,ADAS_Func_005,False,False,False,False,False,False,False,True
V3_HIDDEN_0140,REQ_VIRTUAL_0140,ADAS_Func_001,False,False,False,False,False,False,False,True
V3_HIDDEN_0141,REQ_VIRTUAL_0141,ADAS_Func_001,False,False,False,False,False,False,False,True
V3_HIDDEN_0142,REQ_VIRTUAL_0142,PT_Func_002,False,False,False,False,False,False,False,True
V3_HIDDEN_0143,REQ_VIRTUAL_0143,ADAS_Func_001,False,False,False,False,False,False,False,True
V3_HIDDEN_0144,REQ_VIRTUAL_0144,ADAS_Func_001,False,False,False,False,False,False,False,True
V3_HIDDEN_0145,REQ_VIRTUAL_0145,BMS_Func_001,False,False,False,False,False,False,False,True
V3_HIDDEN_0146,REQ_VIRTUAL_0146,BODY_Func_004,False,False,False,False,False,False,False,True
V3_HIDDEN_0147,REQ_VIRTUAL_0147,BMS_Func_002,False,False,False,False,False,False,False,True
V3_HIDDEN_0148,REQ_VIRTUAL_0148,PT_Func_001,False,False,False,False,False,False,False,True
V3_HIDDEN_0149,REQ_VIRTUAL_0149,ADAS_Func_005,False,False,False,False,False,False,False,True
V3_HIDDEN_0150,REQ_VIRTUAL_0150,ADAS_Func_001,False,False,False,False,False,False,False,True
V3_HIDDEN_0151,REQ_VIRTUAL_0151,ADAS_Func_001,False,False,False,False,False,False,False,True
V3_HIDDEN_0152,REQ_VIRTUAL_0152,PT_Func_002,False,False,False,False,False,False,False,True
V3_HIDDEN_0153,REQ_VIRTUAL_0153,ADAS_Func_001,False,False,False,False,False,False,False,True
V3_HIDDEN_0154,REQ_VIRTUAL_0154,ADAS_Func_001,False,False,False,False,False,False,False,True
V3_HIDDEN_0155,REQ_VIRTUAL_0155,BMS_Func_001,False,False,False,False,False,False,False,True
V3_HIDDEN_0156,REQ_VIRTUAL_0156,BODY_Func_004,False,False,False,False,False,False,False,True
V3_HIDDEN_0157,REQ_VIRTUAL_0157,BMS_Func_002,False,False,False,False,False,False,False,True
V3_HIDDEN_0158,REQ_VIRTUAL_0158,PT_Func_001,False,False,False,False,False,False,False,True
V3_HIDDEN_0159,REQ_VIRTUAL_0159,ADAS_Func_005,False,False,False,False,False,False,False,True
V3_HIDDEN_0160,REQ_VIRTUAL_0160,ADAS_Func_001,False,False,False,False,False,False,False,True
V3_HIDDEN_0161,REQ_VIRTUAL_0161,ADAS_Func_001,False,False,False,False,False,False,False,True
V3_HIDDEN_0162,REQ_VIRTUAL_0162,PT_Func_002,False,False,False,False,False,False,False,True
V3_HIDDEN_0163,REQ_VIRTUAL_0163,ADAS_Func_001,False,False,False,False,False,False,False,True
V3_HIDDEN_0164,REQ_VIRTUAL_0164,ADAS_Func_001,False,False,False,False,False,False,False,True
V3_HIDDEN_0165,REQ_VIRTUAL_0165,BMS_Func_001,False,False,False,False,False,False,False,True
V3_HIDDEN_0166,REQ_VIRTUAL_0166,BODY_Func_004,False,False,False,False,False,False,False,True
V3_HIDDEN_0167,REQ_VIRTUAL_0167,BMS_Func_002,False,False,False,False,False,False,False,True
V3_HIDDEN_0168,REQ_VIRTUAL_0168,PT_Func_001,False,False,False,False,False,False,False,True
V3_HIDDEN_0169,REQ_VIRTUAL_0169,ADAS_Func_005,False,False,False,False,False,False,False,True
V3_HIDDEN_0170,REQ_VIRTUAL_0170,ADAS_Func_001,False,False,False,False,False,False,False,True
V3_HIDDEN_0171,REQ_VIRTUAL_0171,ADAS_Func_001,False,False,False,False,False,False,False,True
V3_HIDDEN_0172,REQ_VIRTUAL_0172,PT_Func_002,False,False,False,False,False,False,False,True
V3_HIDDEN_0173,REQ_VIRTUAL_0173,ADAS_Func_001,False,False,False,False,False,False,False,True
V3_HIDDEN_0174,REQ_VIRTUAL_0174,ADAS_Func_001,False,False,False,False,False,False,False,True
V3_HIDDEN_0175,REQ_VIRTUAL_0175,BMS_Func_001,False,False,False,False,False,False,False,True
V3_HIDDEN_0176,REQ_VIRTUAL_0176,BODY_Func_004,False,False,False,False,False,False,False,True
V3_HIDDEN_0177,REQ_VIRTUAL_0177,BMS_Func_002,False,False,False,False,False,False,False,True
V3_HIDDEN_0178,REQ_VIRTUAL_0178,PT_Func_001,False,False,False,False,False,False,False,True
V3_HIDDEN_0179,REQ_VIRTUAL_0179,ADAS_Func_005,False,False,False,False,False,False,False,True
V3_HIDDEN_0180,REQ_VIRTUAL_0180,ADAS_Func_001,False,False,False,False,False,False,False,True
V3_HIDDEN_0181,REQ_VIRTUAL_0181,ADAS_Func_001,False,False,False,False,False,False,False,True
V3_HIDDEN_0182,REQ_VIRTUAL_0182,PT_Func_002,False,False,False,False,False,False,False,True
V3_HIDDEN_0183,REQ_VIRTUAL_0183,ADAS_Func_001,False,False,False,False,False,False,False,True
V3_HIDDEN_0184,REQ_VIRTUAL_0184,ADAS_Func_001,False,False,False,False,False,False,False,True
V3_HIDDEN_0185,REQ_VIRTUAL_0185,BMS_Func_001,False,False,False,False,False,False,False,True
V3_HIDDEN_0186,REQ_VIRTUAL_0186,BODY_Func_004,False,False,False,False,False,False,False,True
V3_HIDDEN_0187,REQ_VIRTUAL_0187,BMS_Func_002,False,False,False,False,False,False,False,True
V3_HIDDEN_0188,REQ_VIRTUAL_0188,PT_Func_001,False,False,False,False,False,False,False,True
V3_HIDDEN_0189,REQ_VIRTUAL_0189,ADAS_Func_005,False,False,False,False,False,False,False,True
V3_HIDDEN_0190,REQ_VIRTUAL_0190,ADAS_Func_001,False,False,False,False,False,False,False,True
V3_HIDDEN_0191,REQ_VIRTUAL_0191,ADAS_Func_001,False,False,False,False,False,False,False,True
V3_HIDDEN_0192,REQ_VIRTUAL_0192,PT_Func_002,False,False,False,False,False,False,False,True
V3_HIDDEN_0193,REQ_VIRTUAL_0193,ADAS_Func_001,False,False,False,False,False,False,False,True
V3_HIDDEN_0194,REQ_VIRTUAL_0194,ADAS_Func_001,False,False,False,False,False,False,False,True
V3_HIDDEN_0195,REQ_VIRTUAL_0195,BMS_Func_001,False,False,False,False,False,False,False,True
V3_HIDDEN_0196,REQ_VIRTUAL_0196,BODY_Func_004,False,False,False,False,False,False,False,True
V3_HIDDEN_0197,REQ_VIRTUAL_0197,BMS_Func_002,False,False,False,False,False,False,False,True
V3_HIDDEN_0198,REQ_VIRTUAL_0198,PT_Func_001,False,False,False,False,False,False,False,True
V3_HIDDEN_0199,REQ_VIRTUAL_0199,ADAS_Func_005,False,False,False,False,False,False,False,True
V3_HIDDEN_0200,REQ_VIRTUAL_0200,ADAS_Func_001,False,False,False,False,False,False,False,True
V3_HIDDEN_0201,REQ_VIRTUAL_0201,ADAS_Func_001,False,False,False,False,False,False,False,True
V3_HIDDEN_0202,REQ_VIRTUAL_0202,PT_Func_002,False,False,False,False,False,False,False,True
V3_HIDDEN_0203,REQ_VIRTUAL_0203,ADAS_Func_001,False,False,False,False,False,False,False,True
V3_HIDDEN_0204,REQ_VIRTUAL_0204,ADAS_Func_001,False,False,False,False,False,False,False,True
V3_HIDDEN_0205,REQ_VIRTUAL_0205,BMS_Func_001,False,False,False,False,False,False,False,True
V3_HIDDEN_0206,REQ_VIRTUAL_0206,BODY_Func_004,False,False,False,False,False,False,False,True
V3_HIDDEN_0207,REQ_VIRTUAL_0207,BMS_Func_002,False,False,False,False,False,False,False,True
V3_HIDDEN_0208,REQ_VIRTUAL_0208,PT_Func_001,False,False,False,False,False,False,False,True
V3_HIDDEN_0209,REQ_VIRTUAL_0209,ADAS_Func_005,False,False,False,False,False,False,False,True
V3_HIDDEN_0210,REQ_VIRTUAL_0210,ADAS_Func_001,False,False,False,False,False,False,False,True
V3_HIDDEN_0211,REQ_VIRTUAL_0211,ADAS_Func_001,False,False,False,False,False,False,False,True
V3_HIDDEN_0212,REQ_VIRTUAL_0212,PT_Func_002,False,False,False,False,False,False,False,True
V3_HIDDEN_0213,REQ_VIRTUAL_0213,ADAS_Func_001,False,False,False,False,False,False,False,True
V3_HIDDEN_0214,REQ_VIRTUAL_0214,ADAS_Func_001,False,False,False,False,False,False,False,True
V3_HIDDEN_0215,REQ_VIRTUAL_0215,BMS_Func_001,False,False,False,False,False,False,False,True
V3_HIDDEN_0216,REQ_VIRTUAL_0216,BODY_Func_004,False,False,False,False,False,False,False,True
V3_HIDDEN_0217,REQ_VIRTUAL_0217,BMS_Func_002,False,False,False,False,False,False,False,True
V3_HIDDEN_0218,REQ_VIRTUAL_0218,PT_Func_001,False,False,False,False,False,False,False,True
V3_HIDDEN_0219,REQ_VIRTUAL_0219,ADAS_Func_005,False,False,False,False,False,False,False,True
V3_HIDDEN_0220,REQ_VIRTUAL_0220,ADAS_Func_001,False,False,False,False,False,False,False,True
V3_HIDDEN_0221,REQ_VIRTUAL_0221,ADAS_Func_001,False,False,False,False,False,False,False,True
V3_HIDDEN_0222,REQ_VIRTUAL_0222,PT_Func_002,False,False,False,False,False,False,False,True
V3_HIDDEN_0223,REQ_VIRTUAL_0223,ADAS_Func_001,False,False,False,False,False,False,False,True
V3_HIDDEN_0224,REQ_VIRTUAL_0224,ADAS_Func_001,False,False,False,False,False,False,False,True
V3_HIDDEN_0225,REQ_VIRTUAL_0225,BMS_Func_001,False,False,False,False,False,False,False,True
V3_HIDDEN_0226,REQ_VIRTUAL_0226,BODY_Func_004,False,False,False,False,False,False,False,True
V3_HIDDEN_0227,REQ_VIRTUAL_0227,BMS_Func_002,False,False,False,False,False,False,False,True
V3_HIDDEN_0228,REQ_VIRTUAL_0228,PT_Func_001,False,False,False,False,False,False,False,True
V3_HIDDEN_0229,REQ_VIRTUAL_0229,ADAS_Func_005,False,False,False,False,False,False,False,True
V3_HIDDEN_0230,REQ_VIRTUAL_0230,ADAS_Func_001,False,False,False,False,False,False,False,True
V3_HIDDEN_0231,REQ_VIRTUAL_0231,ADAS_Func_001,False,False,False,False,False,False,False,True
V3_HIDDEN_0232,REQ_VIRTUAL_0232,PT_Func_002,False,False,False,False,False,False,False,True
V3_HIDDEN_0233,REQ_VIRTUAL_0233,ADAS_Func_001,False,False,False,False,False,False,False,True
V3_HIDDEN_0234,REQ_VIRTUAL_0234,ADAS_Func_001,False,False,False,False,False,False,False,True
V3_HIDDEN_0235,REQ_VIRTUAL_0235,BMS_Func_001,False,False,False,False,False,False,False,True
V3_HIDDEN_0236,REQ_VIRTUAL_0236,BODY_Func_004,False,False,False,False,False,False,False,True
V3_HIDDEN_0237,REQ_VIRTUAL_0237,BMS_Func_002,False,False,False,False,False,False,False,True
V3_HIDDEN_0238,REQ_VIRTUAL_0238,PT_Func_001,False,False,False,False,False,False,False,True
V3_HIDDEN_0239,REQ_VIRTUAL_0239,ADAS_Func_005,False,False,False,False,False,False,False,True
V3_HIDDEN_0240,REQ_VIRTUAL_0240,ADAS_Func_001,False,False,False,False,False,False,False,True
V3_HIDDEN_0241,REQ_VIRTUAL_0241,ADAS_Func_001,False,False,False,False,False,False,False,True
V3_HIDDEN_0242,REQ_VIRTUAL_0242,PT_Func_002,False,False,False,False,False,False,False,True
V3_HIDDEN_0243,REQ_VIRTUAL_0243,ADAS_Func_001,False,False,False,False,False,False,False,True
V3_HIDDEN_0244,REQ_VIRTUAL_0244,ADAS_Func_001,False,False,False,False,False,False,False,True
V3_HIDDEN_0245,REQ_VIRTUAL_0245,BMS_Func_001,False,False,False,False,False,False,False,True
V3_HIDDEN_0246,REQ_VIRTUAL_0246,BODY_Func_004,False,False,False,False,False,False,False,True
V3_HIDDEN_0247,REQ_VIRTUAL_0247,BMS_Func_002,False,False,False,False,False,False,False,True
V3_HIDDEN_0248,REQ_VIRTUAL_0248,PT_Func_001,False,False,False,False,False,False,False,True
V3_HIDDEN_0249,REQ_VIRTUAL_0249,ADAS_Func_005,False,False,False,False,False,False,False,True
V3_HIDDEN_0250,REQ_VIRTUAL_0250,ADAS_Func_001,False,False,False,False,False,False,False,True
V3_HIDDEN_0251,REQ_VIRTUAL_0251,ADAS_Func_001,False,False,False,False,False,False,False,True
V3_HIDDEN_0252,REQ_VIRTUAL_0252,PT_Func_002,False,False,False,False,False,False,False,True
V3_HIDDEN_0253,REQ_VIRTUAL_0253,ADAS_Func_001,False,False,False,False,False,False,False,True
V3_HIDDEN_0254,REQ_VIRTUAL_0254,ADAS_Func_001,False,False,False,False,False,False,False,True
V3_HIDDEN_0255,REQ_VIRTUAL_0255,BMS_Func_001,False,False,False,False,False,False,False,True
V3_HIDDEN_0256,REQ_VIRTUAL_0256,BODY_Func_004,False,False,False,False,False,False,False,True
V3_HIDDEN_0257,REQ_VIRTUAL_0257,BMS_Func_002,False,False,False,False,False,False,False,True
V3_HIDDEN_0258,REQ_VIRTUAL_0258,PT_Func_001,False,False,False,False,False,False,False,True
V3_HIDDEN_0259,REQ_VIRTUAL_0259,ADAS_Func_005,False,False,False,False,False,False,False,True
V3_HIDDEN_0260,REQ_VIRTUAL_0260,ADAS_Func_001,False,False,False,False,False,False,False,True
V3_HIDDEN_0261,REQ_VIRTUAL_0261,ADAS_Func_001,False,False,False,False,False,False,False,True
V3_HIDDEN_0262,REQ_VIRTUAL_0262,PT_Func_002,False,False,False,False,False,False,False,True
V3_HIDDEN_0263,REQ_VIRTUAL_0263,ADAS_Func_001,False,False,False,False,False,False,False,True
V3_HIDDEN_0264,REQ_VIRTUAL_0264,ADAS_Func_001,False,False,False,False,False,False,False,True
V3_HIDDEN_0265,REQ_VIRTUAL_0265,BMS_Func_001,False,False,False,False,False,False,False,True
V3_HIDDEN_0266,REQ_VIRTUAL_0266,BODY_Func_004,False,False,False,False,False,False,False,True
V3_HIDDEN_0267,REQ_VIRTUAL_0267,BMS_Func_002,False,False,False,False,False,False,False,True
V3_HIDDEN_0268,REQ_VIRTUAL_0268,PT_Func_001,False,False,False,False,False,False,False,True
V3_HIDDEN_0269,REQ_VIRTUAL_0269,ADAS_Func_005,False,False,False,False,False,False,False,True
V3_HIDDEN_0270,REQ_VIRTUAL_0270,ADAS_Func_001,False,False,False,False,False,False,False,True
