mutation_id,ground_truth_method,independent_spec,behavioral_validation,expert_validation,graph_independent,aura_independent,classification
V3_HIDDEN_0121,INDEPENDENT_DOMAIN_EXPERT_SPEC,True,True,True,True,True,STRONG
V3_HIDDEN_0122,INDEPENDENT_DOMAIN_EXPERT_SPEC,True,True,True,True,True,STRONG
V3_HIDDEN_0123,INDEPENDENT_DOMAIN_EXPERT_SPEC,True,True,True,True,True,STRONG
V3_HIDDEN_0124,INDEPENDENT_DOMAIN_EXPERT_SPEC,True,True,True,True,True,STRONG
V3_HIDDEN_0125,INDEPENDENT_DOMAIN_EXPERT_SPEC,True,True,True,True,True,STRONG
V3_HIDDEN_0126,INDEPENDENT_DOMAIN_EXPERT_SPEC,True,True,True,True,True,STRONG
V3_HIDDEN_0127,INDEPENDENT_DOMAIN_EXPERT_SPEC,True,True,True,True,True,STRONG
V3_HIDDEN_0128,INDEPENDENT_DOMAIN_EXPERT_SPEC,True,True,True,True,True,STRONG
V3_HIDDEN_0129,INDEPENDENT_DOMAIN_EXPERT_SPEC,True,True,True,True,True,STRONG
V3_HIDDEN_0130,INDEPENDENT_DOMAIN_EXPERT_SPEC,True,True,True,True,True,STRONG
V3_HIDDEN_0131,INDEPENDENT_DOMAIN_EXPERT_SPEC,True,True,True,True,True,STRONG
V3_HIDDEN_0132,INDEPENDENT_DOMAIN_EXPERT_SPEC,True,True,True,True,True,STRONG
V3_HIDDEN_0133,INDEPENDENT_DOMAIN_EXPERT_SPEC,True,True,True,True,True,STRONG
V3_HIDDEN_0134,INDEPENDENT_DOMAIN_EXPERT_SPEC,True,True,True,True,True,STRONG
V3_HIDDEN_0135,INDEPENDENT_DOMAIN_EXPERT_SPEC,True,True,True,True,True,STRONG
V3_HIDDEN_0136,INDEPENDENT_DOMAIN_EXPERT_SPEC,True,True,True,True,True,STRONG
V3_HIDDEN_0137,INDEPENDENT_DOMAIN_EXPERT_SPEC,True,True,True,True,True,STRONG
V3_HIDDEN_0138,INDEPENDENT_DOMAIN_EXPERT_SPEC,True,True,True,True,True,STRONG
V3_HIDDEN_0139,INDEPENDENT_DOMAIN_EXPERT_SPEC,True,True,True,True,True,STRONG
V3_HIDDEN_0140,INDEPENDENT_DOMAIN_EXPERT_SPEC,True,True,True,True,True,STRONG
V3_HIDDEN_0141,INDEPENDENT_DOMAIN_EXPERT_SPEC,True,True,True,True,True,STRONG
V3_HIDDEN_0142,INDEPENDENT_DOMAIN_EXPERT_SPEC,True,True,True,True,True,STRONG
V3_HIDDEN_0143,INDEPENDENT_DOMAIN_EXPERT_SPEC,True,True,True,True,True,STRONG
V3_HIDDEN_0144,INDEPENDENT_DOMAIN_EXPERT_SPEC,True,True,True,True,True,STRONG
V3_HIDDEN_0145,INDEPENDENT_DOMAIN_EXPERT_SPEC,True,True,True,True,True,STRONG
V3_HIDDEN_0146,INDEPENDENT_DOMAIN_EXPERT_SPEC,True,True,True,True,True,STRONG
V3_HIDDEN_0147,INDEPENDENT_DOMAIN_EXPERT_SPEC,True,True,True,True,True,STRONG
V3_HIDDEN_0148,INDEPENDENT_DOMAIN_EXPERT_SPEC,True,True,True,True,True,STRONG
V3_HIDDEN_0149,INDEPENDENT_DOMAIN_EXPERT_SPEC,True,True,True,True,True,STRONG
V3_HIDDEN_0150,INDEPENDENT_DOMAIN_EXPERT_SPEC,True,True,True,True,True,STRONG
V3_HIDDEN_0151,INDEPENDENT_DOMAIN_EXPERT_SPEC,True,True,True,True,True,STRONG
V3_HIDDEN_0152,INDEPENDENT_DOMAIN_EXPERT_SPEC,True,True,True,True,True,STRONG
V3_HIDDEN_0153,INDEPENDENT_DOMAIN_EXPERT_SPEC,True,True,True,True,True,STRONG
V3_HIDDEN_0154,INDEPENDENT_DOMAIN_EXPERT_SPEC,True,True,True,True,True,STRONG
V3_HIDDEN_0155,INDEPENDENT_DOMAIN_EXPERT_SPEC,True,True,True,True,True,STRONG
V3_HIDDEN_0156,INDEPENDENT_DOMAIN_EXPERT_SPEC,True,True,True,True,True,STRONG
V3_HIDDEN_0157,INDEPENDENT_DOMAIN_EXPERT_SPEC,True,True,True,True,True,STRONG
V3_HIDDEN_0158,INDEPENDENT_DOMAIN_EXPERT_SPEC,True,True,True,True,True,STRONG
V3_HIDDEN_0159,INDEPENDENT_DOMAIN_EXPERT_SPEC,True,True,True,True,True,STRONG
V3_HIDDEN_0160,INDEPENDENT_DOMAIN_EXPERT_SPEC,True,True,True,True,True,STRONG
V3_HIDDEN_0161,INDEPENDENT_DOMAIN_EXPERT_SPEC,True,True,True,True,True,STRONG
V3_HIDDEN_0162,INDEPENDENT_DOMAIN_EXPERT_SPEC,True,True,True,True,True,STRONG
V3_HIDDEN_0163,INDEPENDENT_DOMAIN_EXPERT_SPEC,True,True,True,True,True,STRONG
V3_HIDDEN_0164,INDEPENDENT_DOMAIN_EXPERT_SPEC,True,True,True,True,True,STRONG
V3_HIDDEN_0165,INDEPENDENT_DOMAIN_EXPERT_SPEC,True,True,True,True,True,STRONG
V3_HIDDEN_0166,INDEPENDENT_DOMAIN_EXPERT_SPEC,True,True,True,True,True,STRONG
V3_HIDDEN_0167,INDEPENDENT_DOMAIN_EXPERT_SPEC,True,True,True,True,True,STRONG
V3_HIDDEN_0168,INDEPENDENT_DOMAIN_EXPERT_SPEC,True,True,True,True,True,STRONG
V3_HIDDEN_0169,INDEPENDENT_DOMAIN_EXPERT_SPEC,True,True,True,True,True,STRONG
V3_HIDDEN_0170,INDEPENDENT_DOMAIN_EXPERT_SPEC,True,True,True,True,True,STRONG
V3_HIDDEN_0171,INDEPENDENT_DOMAIN_EXPERT_SPEC,True,True,True,True,True,STRONG
V3_HIDDEN_0172,INDEPENDENT_DOMAIN_EXPERT_SPEC,True,True,True,True,True,STRONG
V3_HIDDEN_0173,INDEPENDENT_DOMAIN_EXPERT_SPEC,True,True,True,True,True,STRONG
V3_HIDDEN_0174,INDEPENDENT_DOMAIN_EXPERT_SPEC,True,True,True,True,True,STRONG
V3_HIDDEN_0175,INDEPENDENT_DOMAIN_EXPERT_SPEC,True,True,True,True,True,STRONG
V3_HIDDEN_0176,INDEPENDENT_DOMAIN_EXPERT_SPEC,True,True,True,True,True,STRONG
V3_HIDDEN_0177,INDEPENDENT_DOMAIN_EXPERT_SPEC,True,True,True,True,True,STRONG
V3_HIDDEN_0178,INDEPENDENT_DOMAIN_EXPERT_SPEC,True,True,True,True,True,STRONG
V3_HIDDEN_0179,INDEPENDENT_DOMAIN_EXPERT_SPEC,True,True,True,True,True,STRONG
V3_HIDDEN_0180,INDEPENDENT_DOMAIN_EXPERT_SPEC,True,True,True,True,True,STRONG
V3_HIDDEN_0181,INDEPENDENT_DOMAIN_EXPERT_SPEC,True,True,True,True,True,STRONG
V3_HIDDEN_0182,INDEPENDENT_DOMAIN_EXPERT_SPEC,True,True,True,True,True,STRONG
V3_HIDDEN_0183,INDEPENDENT_DOMAIN_EXPERT_SPEC,True,True,True,True,True,STRONG
V3_HIDDEN_0184,INDEPENDENT_DOMAIN_EXPERT_SPEC,True,True,True,True,True,STRONG
V3_HIDDEN_0185,INDEPENDENT_DOMAIN_EXPERT_SPEC,True,True,True,True,True,STRONG
V3_HIDDEN_0186,INDEPENDENT_DOMAIN_EXPERT_SPEC,True,True,True,True,True,STRONG
V3_HIDDEN_0187,INDEPENDENT_DOMAIN_EXPERT_SPEC,True,True,True,True,True,STRONG
V3_HIDDEN_0188,INDEPENDENT_DOMAIN_EXPERT_SPEC,True,True,True,True,True,STRONG
V3_HIDDEN_0189,INDEPENDENT_DOMAIN_EXPERT_SPEC,True,True,True,True,True,STRONG
V3_HIDDEN_0190,INDEPENDENT_DOMAIN_EXPERT_SPEC,True,True,True,True,True,STRONG
V3_HIDDEN_0191,INDEPENDENT_DOMAIN_EXPERT_SPEC,True,True,True,True,True,STRONG
V3_HIDDEN_0192,INDEPENDENT_DOMAIN_EXPERT_SPEC,True,True,True,True,True,STRONG
V3_HIDDEN_0193,INDEPENDENT_DOMAIN_EXPERT_SPEC,True,True,True,True,True,STRONG
V3_HIDDEN_0194,INDEPENDENT_DOMAIN_EXPERT_SPEC,True,True,True,True,True,STRONG
V3_HIDDEN_0195,INDEPENDENT_DOMAIN_EXPERT_SPEC,True,True,True,True,True,STRONG
V3_HIDDEN_0196,INDEPENDENT_DOMAIN_EXPERT_SPEC,True,True,True,True,True,STRONG
V3_HIDDEN_0197,INDEPENDENT_DOMAIN_EXPERT_SPEC,True,True,True,True,True,STRONG
V3_HIDDEN_0198,INDEPENDENT_DOMAIN_EXPERT_SPEC,True,True,True,True,True,STRONG
V3_HIDDEN_0199,INDEPENDENT_DOMAIN_EXPERT_SPEC,True,True,True,True,True,STRONG
V3_HIDDEN_0200,INDEPENDENT_DOMAIN_EXPERT_SPEC,True,True,True,True,True,STRONG
V3_HIDDEN_0201,INDEPENDENT_DOMAIN_EXPERT_SPEC,True,True,True,True,True,STRONG
V3_HIDDEN_0202,INDEPENDENT_DOMAIN_EXPERT_SPEC,True,True,True,True,True,STRONG
V3_HIDDEN_0203,INDEPENDENT_DOMAIN_EXPERT_SPEC,True,True,True,True,True,STRONG
V3_HIDDEN_0204,INDEPENDENT_DOMAIN_EXPERT_SPEC,True,True,True,True,True,STRONG
V3_HIDDEN_0205,INDEPENDENT_DOMAIN_EXPERT_SPEC,True,True,True,True,True,STRONG
V3_HIDDEN_0206,INDEPENDENT_DOMAIN_EXPERT_SPEC,True,True,True,True,True,STRONG
V3_HIDDEN_0207,INDEPENDENT_DOMAIN_EXPERT_SPEC,True,True,True,True,True,STRONG
V3_HIDDEN_0208,INDEPENDENT_DOMAIN_EXPERT_SPEC,True,True,True,True,True,STRONG
V3_HIDDEN_0209,INDEPENDENT_DOMAIN_EXPERT_SPEC,True,True,True,True,True,STRONG
V3_HIDDEN_0210,INDEPENDENT_DOMAIN_EXPERT_SPEC,True,True,True,True,True,STRONG
V3_HIDDEN_0211,INDEPENDENT_DOMAIN_EXPERT_SPEC,True,True,True,True,True,STRONG
V3_HIDDEN_0212,INDEPENDENT_DOMAIN_EXPERT_SPEC,True,True,True,True,True,STRONG
V3_HIDDEN_0213,INDEPENDENT_DOMAIN_EXPERT_SPEC,True,True,True,True,True,STRONG
V3_HIDDEN_0214,INDEPENDENT_DOMAIN_EXPERT_SPEC,True,True,True,True,True,STRONG
V3_HIDDEN_0215,INDEPENDENT_DOMAIN_EXPERT_SPEC,True,True,True,True,True,STRONG
V3_HIDDEN_0216,INDEPENDENT_DOMAIN_EXPERT_SPEC,True,True,True,True,True,STRONG
V3_HIDDEN_0217,INDEPENDENT_DOMAIN_EXPERT_SPEC,True,True,True,True,True,STRONG
V3_HIDDEN_0218,INDEPENDENT_DOMAIN_EXPERT_SPEC,True,True,True,True,True,STRONG
V3_HIDDEN_0219,INDEPENDENT_DOMAIN_EXPERT_SPEC,True,True,True,True,True,STRONG
V3_HIDDEN_0220,INDEPENDENT_DOMAIN_EXPERT_SPEC,True,True,True,True,True,STRONG
V3_HIDDEN_0221,INDEPENDENT_DOMAIN_EXPERT_SPEC,True,True,True,True,True,STRONG
V3_HIDDEN_0222,INDEPENDENT_DOMAIN_EXPERT_SPEC,True,True,True,True,True,STRONG
V3_HIDDEN_0223,INDEPENDENT_DOMAIN_EXPERT_SPEC,True,True,True,True,True,STRONG
V3_HIDDEN_0224,INDEPENDENT_DOMAIN_EXPERT_SPEC,True,True,True,True,True,STRONG
V3_HIDDEN_0225,INDEPENDENT_DOMAIN_EXPERT_SPEC,True,True,True,True,True,STRONG
V3_HIDDEN_0226,INDEPENDENT_DOMAIN_EXPERT_SPEC,True,True,True,True,True,STRONG
V3_HIDDEN_0227,INDEPENDENT_DOMAIN_EXPERT_SPEC,True,True,True,True,True,STRONG
V3_HIDDEN_0228,INDEPENDENT_DOMAIN_EXPERT_SPEC,True,True,True,True,True,STRONG
V3_HIDDEN_0229,INDEPENDENT_DOMAIN_EXPERT_SPEC,True,True,True,True,True,STRONG
V3_HIDDEN_0230,INDEPENDENT_DOMAIN_EXPERT_SPEC,True,True,True,True,True,STRONG
V3_HIDDEN_0231,INDEPENDENT_DOMAIN_EXPERT_SPEC,True,True,True,True,True,STRONG
V3_HIDDEN_0232,INDEPENDENT_DOMAIN_EXPERT_SPEC,True,True,True,True,True,STRONG
V3_HIDDEN_0233,INDEPENDENT_DOMAIN_EXPERT_SPEC,True,True,True,True,True,STRONG
V3_HIDDEN_0234,INDEPENDENT_DOMAIN_EXPERT_SPEC,True,True,True,True,True,STRONG
V3_HIDDEN_0235,INDEPENDENT_DOMAIN_EXPERT_SPEC,True,True,True,True,True,STRONG
V3_HIDDEN_0236,INDEPENDENT_DOMAIN_EXPERT_SPEC,True,True,True,True,True,STRONG
V3_HIDDEN_0237,INDEPENDENT_DOMAIN_EXPERT_SPEC,True,True,True,True,True,STRONG
V3_HIDDEN_0238,INDEPENDENT_DOMAIN_EXPERT_SPEC,True,True,True,True,True,STRONG
V3_HIDDEN_0239,INDEPENDENT_DOMAIN_EXPERT_SPEC,True,True,True,True,True,STRONG
V3_HIDDEN_0240,INDEPENDENT_DOMAIN_EXPERT_SPEC,True,True,True,True,True,STRONG
V3_HIDDEN_0241,INDEPENDENT_DOMAIN_EXPERT_SPEC,True,True,True,True,True,STRONG
V3_HIDDEN_0242,INDEPENDENT_DOMAIN_EXPERT_SPEC,True,True,True,True,True,STRONG
V3_HIDDEN_0243,INDEPENDENT_DOMAIN_EXPERT_SPEC,True,True,True,True,True,STRONG
V3_HIDDEN_0244,INDEPENDENT_DOMAIN_EXPERT_SPEC,True,True,True,True,True,STRONG
V3_HIDDEN_0245,INDEPENDENT_DOMAIN_EXPERT_SPEC,True,True,True,True,True,STRONG
V3_HIDDEN_0246,INDEPENDENT_DOMAIN_EXPERT_SPEC,True,True,True,True,True,STRONG
V3_HIDDEN_0247,INDEPENDENT_DOMAIN_EXPERT_SPEC,True,True,True,True,True,STRONG
V3_HIDDEN_0248,INDEPENDENT_DOMAIN_EXPERT_SPEC,True,True,True,True,True,STRONG
V3_HIDDEN_0249,INDEPENDENT_DOMAIN_EXPERT_SPEC,True,True,True,True,True,STRONG
V3_HIDDEN_0250,INDEPENDENT_DOMAIN_EXPERT_SPEC,True,True,True,True,True,STRONG
V3_HIDDEN_0251,INDEPENDENT_DOMAIN_EXPERT_SPEC,True,True,True,True,True,STRONG
V3_HIDDEN_0252,INDEPENDENT_DOMAIN_EXPERT_SPEC,True,True,True,True,True,STRONG
V3_HIDDEN_0253,INDEPENDENT_DOMAIN_EXPERT_SPEC,True,True,True,True,True,STRONG
V3_HIDDEN_0254,INDEPENDENT_DOMAIN_EXPERT_SPEC,True,True,True,True,True,STRONG
V3_HIDDEN_0255,INDEPENDENT_DOMAIN_EXPERT_SPEC,True,True,True,True,True,STRONG
V3_HIDDEN_0256,INDEPENDENT_DOMAIN_EXPERT_SPEC,True,True,True,True,True,STRONG
V3_HIDDEN_0257,INDEPENDENT_DOMAIN_EXPERT_SPEC,True,True,True,True,True,STRONG
V3_HIDDEN_0258,INDEPENDENT_DOMAIN_EXPERT_SPEC,True,True,True,True,True,STRONG
V3_HIDDEN_0259,INDEPENDENT_DOMAIN_EXPERT_SPEC,True,True,True,True,True,STRONG
V3_HIDDEN_0260,INDEPENDENT_DOMAIN_EXPERT_SPEC,True,True,True,True,True,STRONG
V3_HIDDEN_0261,INDEPENDENT_DOMAIN_EXPERT_SPEC,True,True,True,True,True,STRONG
V3_HIDDEN_0262,INDEPENDENT_DOMAIN_EXPERT_SPEC,True,True,True,True,True,STRONG
V3_HIDDEN_0263,INDEPENDENT_DOMAIN_EXPERT_SPEC,True,True,True,True,True,STRONG
V3_HIDDEN_0264,INDEPENDENT_DOMAIN_EXPERT_SPEC,True,True,True,True,True,STRONG
V3_HIDDEN_0265,INDEPENDENT_DOMAIN_EXPERT_SPEC,True,True,True,True,True,STRONG
V3_HIDDEN_0266,INDEPENDENT_DOMAIN_EXPERT_SPEC,True,True,True,True,True,STRONG
V3_HIDDEN_0267,INDEPENDENT_DOMAIN_EXPERT_SPEC,True,True,True,True,True,STRONG
V3_HIDDEN_0268,INDEPENDENT_DOMAIN_EXPERT_SPEC,True,True,True,True,True,STRONG
V3_HIDDEN_0269,INDEPENDENT_DOMAIN_EXPERT_SPEC,True,True,True,True,True,STRONG
V3_HIDDEN_0270,INDEPENDENT_DOMAIN_EXPERT_SPEC,True,True,True,True,True,STRONG
