lexical_overlap_category,method,recall,precision,f1
LOW,B0_Full_Suite,1.0,0.003,0.006
LOW,B1_Keyword,0.2444,0.02,0.0294
LOW,B2_Raw_Embedding,0.2222,0.0222,0.0404
LOW,B3_Graph_Only,0.0,0.0,0.0
LOW,B4_Contextual_Embedding,0.3407,0.0341,0.0619
LOW,B5_AURA_Hybrid,0.3407,0.0341,0.0619
MEDIUM,B0_Full_Suite,1.0,0.0031,0.0062
MEDIUM,B1_Keyword,1.0,0.0407,0.0782
MEDIUM,B2_Raw_Embedding,0.0,0.0,0.0
MEDIUM,B3_Graph_Only,0.0,0.0,0.0
MEDIUM,B4_Contextual_Embedding,1.0,0.1,0.1818
MEDIUM,B5_AURA_Hybrid,1.0,0.1,0.1818
