case_id,category_output,review_required,forced_decision
V3_AMB_0391,UNKNOWN,True,False
V3_AMB_0392,UNKNOWN,True,False
V3_AMB_0393,UNKNOWN,True,False
V3_AMB_0394,UNKNOWN,True,False
V3_AMB_0395,UNKNOWN,True,False
V3_AMB_0396,UNKNOWN,True,False
V3_AMB_0397,UNKNOWN,True,False
V3_AMB_0398,UNKNOWN,True,False
V3_AMB_0399,UNKNOWN,True,False
V3_AMB_0400,UNKNOWN,True,False
V3_AMB_0401,UNKNOWN,True,False
V3_AMB_0402,UNKNOWN,True,False
V3_AMB_0403,UNKNOWN,True,False
V3_AMB_0404,UNKNOWN,True,False
V3_AMB_0405,UNKNOWN,True,False
V3_AMB_0406,UNKNOWN,True,False
V3_AMB_0407,UNKNOWN,True,False
V3_AMB_0408,UNKNOWN,True,False
V3_AMB_0409,UNKNOWN,True,False
V3_AMB_0410,UNKNOWN,True,False
V3_AMB_0411,UNKNOWN,True,False
V3_AMB_0412,UNKNOWN,True,False
V3_AMB_0413,UNKNOWN,True,False
V3_AMB_0414,UNKNOWN,True,False
V3_AMB_0415,UNKNOWN,True,False
V3_AMB_0416,UNKNOWN,True,False
V3_AMB_0417,UNKNOWN,True,False
V3_AMB_0418,UNKNOWN,True,False
V3_AMB_0419,UNKNOWN,True,False
V3_AMB_0420,UNKNOWN,True,False
V3_AMB_0421,UNKNOWN,True,False
V3_AMB_0422,UNKNOWN,True,False
V3_AMB_0423,UNKNOWN,True,False
V3_AMB_0424,UNKNOWN,True,False
V3_AMB_0425,UNKNOWN,True,False
V3_AMB_0426,UNKNOWN,True,False
V3_AMB_0427,UNKNOWN,True,False
V3_AMB_0428,UNKNOWN,True,False
V3_AMB_0429,UNKNOWN,True,False
V3_AMB_0430,UNKNOWN,True,False
V3_AMB_0431,UNKNOWN,True,False
V3_AMB_0432,UNKNOWN,True,False
V3_AMB_0433,UNKNOWN,True,False
V3_AMB_0434,UNKNOWN,True,False
V3_AMB_0435,UNKNOWN,True,False
V3_AMB_0436,UNKNOWN,True,False
V3_AMB_0437,UNKNOWN,True,False
V3_AMB_0438,UNKNOWN,True,False
V3_AMB_0439,UNKNOWN,True,False
V3_AMB_0440,UNKNOWN,True,False
V3_AMB_0441,UNKNOWN,True,False
V3_AMB_0442,UNKNOWN,True,False
V3_AMB_0443,UNKNOWN,True,False
V3_AMB_0444,UNKNOWN,True,False
V3_AMB_0445,UNKNOWN,True,False
V3_AMB_0446,UNKNOWN,True,False
V3_AMB_0447,UNKNOWN,True,False
V3_AMB_0448,UNKNOWN,True,False
V3_AMB_0449,UNKNOWN,True,False
V3_AMB_0450,UNKNOWN,True,False
