case_id,benchmark_class,human_recall,human_false_positive,confidence,review_time_sec
V3_HIDDEN_0121,HIDDEN_SEMANTIC,1.0,0.0,0.92,48
V3_HIDDEN_0122,HIDDEN_SEMANTIC,1.0,0.0,0.92,76
V3_HIDDEN_0123,HIDDEN_SEMANTIC,1.0,0.0,0.92,58
V3_HIDDEN_0124,HIDDEN_SEMANTIC,1.0,0.0,0.92,114
V3_HIDDEN_0125,HIDDEN_SEMANTIC,1.0,0.0,0.92,99
V3_HIDDEN_0126,HIDDEN_SEMANTIC,1.0,0.0,0.92,56
V3_HIDDEN_0127,HIDDEN_SEMANTIC,1.0,0.0,0.92,109
V3_HIDDEN_0128,HIDDEN_SEMANTIC,1.0,0.0,0.92,116
V3_HIDDEN_0129,HIDDEN_SEMANTIC,1.0,0.0,0.92,114
V3_HIDDEN_0130,HIDDEN_SEMANTIC,1.0,0.0,0.92,102
V3_HIDDEN_0131,HIDDEN_SEMANTIC,1.0,0.0,0.92,45
V3_HIDDEN_0132,HIDDEN_SEMANTIC,1.0,0.0,0.92,65
V3_HIDDEN_0133,HIDDEN_SEMANTIC,1.0,0.0,0.92,88
V3_HIDDEN_0134,HIDDEN_SEMANTIC,1.0,0.0,0.92,72
V3_HIDDEN_0135,HIDDEN_SEMANTIC,0.0,0.0,0.92,88
V3_HIDDEN_0136,HIDDEN_SEMANTIC,1.0,0.0,0.92,93
V3_HIDDEN_0137,HIDDEN_SEMANTIC,1.0,0.0,0.92,89
V3_HIDDEN_0138,HIDDEN_SEMANTIC,1.0,0.0,0.92,50
V3_HIDDEN_0139,HIDDEN_SEMANTIC,1.0,0.0,0.92,113
V3_HIDDEN_0140,HIDDEN_SEMANTIC,1.0,0.0,0.92,93
V3_HIDDEN_0141,HIDDEN_SEMANTIC,1.0,0.0,0.92,82
V3_HIDDEN_0142,HIDDEN_SEMANTIC,1.0,0.0,0.92,91
V3_HIDDEN_0143,HIDDEN_SEMANTIC,1.0,0.0,0.92,53
V3_HIDDEN_0144,HIDDEN_SEMANTIC,1.0,0.0,0.92,74
V3_HIDDEN_0145,HIDDEN_SEMANTIC,1.0,0.0,0.92,55
V3_HIDDEN_0146,HIDDEN_SEMANTIC,0.0,0.0,0.92,57
V3_HIDDEN_0147,HIDDEN_SEMANTIC,1.0,0.0,0.92,103
V3_HIDDEN_0148,HIDDEN_SEMANTIC,1.0,0.0,0.92,91
V3_HIDDEN_0149,HIDDEN_SEMANTIC,1.0,0.0,0.92,90
V3_HIDDEN_0150,HIDDEN_SEMANTIC,1.0,0.0,0.92,79
V3_DECOY_0271,SEMANTIC_DECOY,1.0,0.0,0.92,54
V3_DECOY_0272,SEMANTIC_DECOY,1.0,0.0,0.92,66
V3_DECOY_0273,SEMANTIC_DECOY,1.0,0.0,0.92,76
V3_DECOY_0274,SEMANTIC_DECOY,1.0,0.0,0.92,93
V3_DECOY_0275,SEMANTIC_DECOY,1.0,0.0,0.92,116
V3_DECOY_0276,SEMANTIC_DECOY,1.0,0.0,0.92,86
V3_DECOY_0277,SEMANTIC_DECOY,1.0,0.0,0.92,52
V3_DECOY_0278,SEMANTIC_DECOY,1.0,0.0,0.92,49
V3_DECOY_0279,SEMANTIC_DECOY,1.0,0.0,0.92,96
V3_DECOY_0280,SEMANTIC_DECOY,1.0,0.0,0.92,72
V3_DECOY_0281,SEMANTIC_DECOY,1.0,0.0,0.92,117
V3_DECOY_0282,SEMANTIC_DECOY,1.0,0.0,0.92,85
V3_DECOY_0283,SEMANTIC_DECOY,1.0,0.0,0.92,108
V3_DECOY_0284,SEMANTIC_DECOY,1.0,0.0,0.92,103
V3_DECOY_0285,SEMANTIC_DECOY,1.0,0.0,0.92,62
V3_DECOY_0286,SEMANTIC_DECOY,1.0,0.0,0.92,116
V3_DECOY_0287,SEMANTIC_DECOY,1.0,0.0,0.92,119
V3_DECOY_0288,SEMANTIC_DECOY,1.0,0.0,0.92,119
V3_DECOY_0289,SEMANTIC_DECOY,1.0,0.0,0.92,73
V3_DECOY_0290,SEMANTIC_DECOY,1.0,1.0,0.92,62
V3_AMB_0391,AMBIGUOUS,1.0,0.0,0.92,56
V3_AMB_0392,AMBIGUOUS,1.0,0.0,0.92,59
V3_AMB_0393,AMBIGUOUS,1.0,0.0,0.92,65
V3_AMB_0394,AMBIGUOUS,1.0,0.0,0.92,99
V3_AMB_0395,AMBIGUOUS,1.0,0.0,0.92,94
V3_AMB_0396,AMBIGUOUS,1.0,0.0,0.92,104
V3_AMB_0397,AMBIGUOUS,1.0,0.0,0.92,115
V3_AMB_0398,AMBIGUOUS,1.0,0.0,0.92,46
V3_AMB_0399,AMBIGUOUS,1.0,0.0,0.92,59
V3_AMB_0400,AMBIGUOUS,1.0,0.0,0.92,113
